compiler,block,scalar,case,base_median_ns,candidate_median_ns,candidate_change_percent,base_ns_per_call_rounds,base_gc_bytes_per_call_rounds,candidate_ns_per_call_rounds,candidate_gc_bytes_per_call_rounds
dmd,0,double,boundary-only,27008.203,28166.406,4.288337880161808,26961.71875;27008.203125;29238.28125,20624.0;20624.0;20624.0,28166.40625;27282.421875;28908.984375,20624.0;20624.0;20624.0
dmd,0,double,boundary-overlap,32239.844,32868.359,1.9494976464526248,31963.671875;32268.359375;32239.84375,20656.0;20656.0;20656.0,36287.5;32868.359375;32096.484375,20656.0;20656.0;20656.0
dmd,0,double,concave-u,131437.5,112178.125,-14.6528768426058,117607.8125;131437.5;131851.5625,24832.0;24832.0;24832.0,112178.125;111070.3125;113178.125,24832.0;24832.0;24832.0
dmd,0,double,crossing,46763.281,65444.531,39.948544243505914,63590.625;45257.03125;46763.28125,16560.0;16560.0;16560.0,71174.21875;50700.0;65444.53125,16560.0;16560.0;16560.0
dmd,0,double,degenerate-boundary,14.885,8.521,-42.75445078938528,14.88494873046875;16.70989990234375;13.85955810546875,0.0;0.0;0.0,7.6904296875;8.5205078125;9.58404541015625,0.0;0.0;0.0
dmd,0,double,degenerate-interior,13.699,8.185,-40.25111321994306,14.093017578125;13.6993408203125;12.19940185546875,0.0;0.0;0.0,9.6527099609375;8.1207275390625;8.184814453125,0.0;0.0;0.0
dmd,0,double,dense-1,52517.969,47890.625,-8.810972869114565,49075.0;52825.78125;52517.96875,16560.0;16560.0;16560.0,47890.625;50666.40625;44457.03125,16560.0;16560.0;16560.0
dmd,0,double,dense-16,1146800.0,1284325.0,11.992064876177189,1362050.0;1133525.0;1146800.0,145008.0;145008.0;145008.0,1284325.0;1835225.0;1273200.0,145008.0;145008.0;145008.0
dmd,0,double,dense-4,267981.25,284106.25,6.017212025095042,272753.125;263965.625;267981.25,41360.0;41360.0;41360.0,284106.25;289193.75;263656.25,41360.0;41360.0;41360.0
dmd,0,double,dense-64,5116500.0,5692800.0,11.26355907358545,5109300.0;5116500.0;5215600.0,556032.0;556032.0;556032.0,6051900.0;5531200.0;5692800.0,556032.0;556032.0;556032.0
dmd,0,double,empty,16.858,8.945,-46.93913868786333,16.85791015625;14.45465087890625;17.43927001953125,0.0;0.0;0.0,7.81707763671875;8.9447021484375;10.65521240234375,0.0;0.0;0.0
dmd,0,double,exterior,8348.34,63.872,-99.23491376728786,7908.7890625;8348.33984375;9028.7109375,8288.0;8288.0;8288.0,65.24810791015625;63.87176513671875;61.2548828125,0.0;0.0;0.0
dmd,0,double,hole,115709.375,120062.5,3.7621195343938263,115709.375;115218.75;162718.75,24832.0;24832.0;24832.0,129609.375;120062.5;118212.5,24832.0;24832.0;24832.0
dmd,0,double,hole-reversed,137159.375,115117.188,-16.07049244719875,150296.875;137159.375;128864.0625,24832.0;24832.0;24832.0,115117.1875;133639.0625;109598.4375,24832.0;24832.0;24832.0
dmd,0,double,interior,22781.641,18699.609,-17.91807710427883,21849.609375;22781.640625;24854.296875,8336.0;8336.0;8336.0,18150.390625;19603.90625;18699.609375,8336.0;8336.0;8336.0
dmd,0,double,isolated-tangent,14303.711,13041.211,-8.826380790271838,14303.7109375;15064.0625;13842.578125,16480.0;16480.0;16480.0,12933.203125;13041.2109375;13137.5,16480.0;16480.0;16480.0
dmd,0,double,large-finite,122170.312,92895.312,-23.962450059061812,122170.3125;126412.5;118654.6875,16560.0;16560.0;16560.0,89439.0625;92895.3125;102434.375,16560.0;16560.0;16560.0
dmd,0,double,rational-crossing,51928.906,50613.281,-2.5335118748698426,59182.03125;51928.90625;51650.0,16560.0;16560.0;16560.0,55475.78125;48625.78125;50613.28125,16560.0;16560.0;16560.0
dmd,0,double,sparse-1,46157.031,46500.0,0.7430482259571658,48952.34375;45721.875;46157.03125,16560.0;16560.0;16560.0,46902.34375;43854.6875;46500.0,16560.0;16560.0;16560.0
dmd,0,double,sparse-16,179782.812,120253.125,-33.11200127407062,179782.8125;191498.4375;129578.125,16560.0;16560.0;16560.0,115587.5;120253.125;129853.125,16560.0;16560.0;16560.0
dmd,0,double,sparse-4,80103.125,336182.812,319.68751156712045,80103.125;99885.15625;57747.65625,16560.0;16560.0;16560.0,71209.375;336182.8125;378227.34375,16560.0;16560.0;16560.0
dmd,0,double,sparse-64,350600.0,380768.75,8.604891614375365,332443.75;350600.0;413425.0,16560.0;16560.0;16560.0,380768.75;332868.75;494487.5,16560.0;16560.0;16560.0
dmd,0,double,subnormal,221876.562,83026.562,-62.5798411280593,369950.78125;221876.5625;88619.53125,16560.0;16560.0;16560.0,83026.5625;80381.25;86403.125,16560.0;16560.0;16560.0
dmd,0,float,boundary-only,29610.547,29585.547,-0.08442937578965193,27751.953125;29687.109375;29610.546875,20624.0;20624.0;20624.0,31896.09375;27791.796875;29585.546875,20624.0;20624.0;20624.0
dmd,0,float,boundary-overlap,32732.812,39287.5,20.024824020618826,30744.140625;32732.8125;34658.203125,20656.0;20656.0;20656.0,40054.296875;39287.5;36307.8125,20656.0;20656.0;20656.0
dmd,0,float,concave-u,132839.062,115915.625,-12.739804651737153,132839.0625;127950.0;135487.5,24832.0;24832.0;24832.0,124146.875;115915.625;109278.125,24832.0;24832.0;24832.0
dmd,0,float,crossing,62830.469,46113.281,-26.606817147903183,50741.40625;82379.6875;62830.46875,16560.0;16560.0;16560.0,46113.28125;45306.25;51761.71875,16560.0;16560.0;16560.0
dmd,0,float,degenerate-boundary,16.158,6.772,-58.08887238519619,17.73529052734375;16.15753173828125;10.76812744140625,0.0;0.0;0.0,6.256103515625;6.7718505859375;7.7239990234375,0.0;0.0;0.0
dmd,0,float,degenerate-interior,12.279,7.042,-42.650052935906835,12.3199462890625;12.27874755859375;11.3525390625,0.0;0.0;0.0,7.13043212890625;7.04193115234375;6.4056396484375,0.0;0.0;0.0
dmd,0,float,dense-1,52359.375,45994.531,-12.156073291554758,55340.625;46218.75;52359.375,16560.0;16560.0;16560.0,45994.53125;45504.6875;46394.53125,16560.0;16560.0;16560.0
dmd,0,float,dense-16,1186100.0,1202825.0,1.4100834668240525,1189637.5;1173837.5;1186100.0,145008.0;145008.0;145008.0,1169700.0;1202825.0;1714525.0,145008.0;145008.0;145008.0
dmd,0,float,dense-4,280331.25,256575.0,-8.474349541836668,257550.0;450850.0;280331.25,41360.0;41360.0;41360.0,256575.0;313431.25;236556.25,41360.0;41360.0;41360.0
dmd,0,float,dense-64,5854550.0,5479900.0,-6.399296273838296,5210900.0;5854550.0;5876300.0,556032.0;556032.0;556032.0,5908500.0;5425300.0;5479900.0,556032.0;556032.0;556032.0
dmd,0,float,empty,22.174,5.771,-73.97402363127988,16.497802734375;25.17547607421875;22.174072265625,0.0;0.0;0.0,5.7708740234375;5.23529052734375;5.841064453125,0.0;0.0;0.0
dmd,0,float,exterior,8694.824,40.553,-99.53359607969064,8694.82421875;9272.16796875;8040.8203125,8288.0;8288.0;8288.0,45.867919921875;40.55328369140625;39.65911865234375,0.0;0.0;0.0
dmd,0,float,hole,167300.0,108653.125,-35.05491631799163,167300.0;167600.0;164290.625,24832.0;24832.0;24832.0,172696.875;105203.125;108653.125,24832.0;24832.0;24832.0
dmd,0,float,hole-reversed,130740.625,118353.125,-9.474866744747468,159429.6875;130740.625;113243.75,24832.0;24832.0;24832.0,120807.8125;118353.125;114882.8125,24832.0;24832.0;24832.0
dmd,0,float,interior,20784.766,20708.984,-0.3646035755225707,20784.765625;18908.984375;29655.46875,8336.0;8336.0;8336.0,20708.984375;18856.25;21503.90625,8336.0;8336.0;8336.0
dmd,0,float,isolated-tangent,15297.461,17172.07,12.254379991555474,14312.890625;15297.4609375;15457.03125,16480.0;16480.0;16480.0,20826.5625;14313.8671875;17172.0703125,16480.0;16480.0;16480.0
dmd,0,float,large-finite,67863.281,51784.375,-23.693086692934873,71671.875;47619.53125;67863.28125,16560.0;16560.0;16560.0,53157.03125;51784.375;50789.0625,16560.0;16560.0;16560.0
dmd,0,float,rational-crossing,44660.156,48603.125,8.828829438034202,45608.59375;44660.15625;44538.28125,16560.0;16560.0;16560.0,59141.40625;45767.96875;48603.125,16560.0;16560.0;16560.0
dmd,0,float,sparse-1,76335.938,43561.719,-42.9341930664427,76335.9375;57385.15625;89687.5,16560.0;16560.0;16560.0,47637.5;43561.71875;42706.25,16560.0;16560.0;16560.0
dmd,0,float,sparse-16,152528.125,135414.062,-11.220267081890633,152528.125;136448.4375;168018.75,16560.0;16560.0;16560.0,135414.0625;132414.0625;138557.8125,16560.0;16560.0;16560.0
dmd,0,float,sparse-4,61262.5,57941.406,-5.42108794123648,60839.0625;61262.5;74668.75,16560.0;16560.0;16560.0,57164.0625;57941.40625;77367.96875,16560.0;16560.0;16560.0
dmd,0,float,sparse-64,615112.5,384762.5,-37.448434229510866,670562.5;615112.5;586643.75,16560.0;16560.0;16560.0,536268.75;384737.5;384762.5,16560.0;16560.0;16560.0
dmd,0,float,subnormal,50074.219,52064.844,3.9753490713454687,50074.21875;57791.40625;48509.375,16560.0;16560.0;16560.0,54860.15625;49276.5625;52064.84375,16560.0;16560.0;16560.0
dmd,0,int,boundary-only,40990.625,31835.156,-22.33551940230236,41939.0625;32598.4375;40990.625,20624.0;20624.0;20624.0,28743.359375;35755.078125;31835.15625,20624.0;20624.0;20624.0
dmd,0,int,boundary-overlap,29863.281,42643.75,42.79660027978842,29789.0625;31866.40625;29863.28125,20656.0;20656.0;20656.0,42602.34375;48262.5;42643.75,20656.0;20656.0;20656.0
dmd,0,int,concave-u,109820.312,121192.188,10.354984240073906,122168.75;108190.625;109820.3125,24832.0;24832.0;24832.0,127125.0;121192.1875;117329.6875,24832.0;24832.0;24832.0
dmd,0,int,crossing,55521.875,59217.969,6.657005009286876,48175.0;55521.875;63215.625,16560.0;16560.0;16560.0,58619.53125;62459.375;59217.96875,16560.0;16560.0;16560.0
dmd,0,int,degenerate-boundary,14.093,14.844,5.3288866813311575,17.22412109375;14.093017578125;13.7420654296875,0.0;0.0;0.0,18.56842041015625;10.296630859375;14.84375,0.0;0.0;0.0
dmd,0,int,degenerate-interior,13.232,9.335,-29.45133010882708,13.232421875;13.37127685546875;13.05389404296875,0.0;0.0;0.0,9.283447265625;9.3353271484375;17.974853515625,0.0;0.0;0.0
dmd,0,int,dense-1,48105.469,41453.906,-13.827041162409193,46703.125;48530.46875;48105.46875,16560.0;16560.0;16560.0,51235.15625;41453.90625;40327.34375,16560.0;16560.0;16560.0
dmd,0,int,dense-16,1136662.5,1015175.0,-10.688089032584436,1167375.0;1136662.5;1115700.0,145008.0;145008.0;145008.0,1015175.0;1016687.5;1012962.5,145008.0;145008.0;145008.0
dmd,0,int,dense-4,243115.625,214781.25,-11.654691054924992,246953.125;242356.25;243115.625,41360.0;41360.0;41360.0,214781.25;216834.375;212965.625,41360.0;41360.0;41360.0
dmd,0,int,dense-64,5331300.0,4735550.0,-11.174572805882244,5301900.0;5876400.0;5331300.0,556032.0;556032.0;556032.0,4749250.0;4722800.0;4735550.0,556032.0;556032.0;556032.0
dmd,0,int,empty,15.237,10.283,-32.51296186913435,15.2374267578125;15.29541015625;14.8345947265625,0.0;0.0;0.0,10.83526611328125;10.28289794921875;9.16900634765625,0.0;0.0;0.0
dmd,0,int,exterior,9018.652,37.827,-99.58056924693402,9018.65234375;9366.6015625;8566.40625,8288.0;8288.0;8288.0,36.36627197265625;72.491455078125;37.8265380859375,0.0;0.0;0.0
dmd,0,int,hole,108634.375,107685.938,-0.8730542243189698,99728.125;108634.375;138106.25,24832.0;24832.0;24832.0,113829.6875;106953.125;107685.9375,24832.0;24832.0;24832.0
dmd,0,int,hole-reversed,104021.875,143823.438,38.26268561300208,104021.875;102664.0625;106665.625,24832.0;24832.0;24832.0,136042.1875;143823.4375;148429.6875,24832.0;24832.0;24832.0
dmd,0,int,interior,26465.625,21798.047,-17.636379265556744,18451.5625;26465.625;72829.296875,8336.0;8336.0;8336.0,24037.890625;21798.046875;21466.796875,8336.0;8336.0;8336.0
dmd,0,int,isolated-tangent,12901.367,15548.828,20.52077892210957,12988.8671875;12318.1640625;12901.3671875,16480.0;16480.0;16480.0,14566.796875;16263.671875;15548.828125,16480.0;16480.0;16480.0
dmd,0,int,rational-crossing,44403.125,43323.438,-2.4315563375325477,44403.125;47581.25;42142.1875,16560.0;16560.0;16560.0,65209.375;42576.5625;43323.4375,16560.0;16560.0;16560.0
dmd,0,int,sparse-1,44284.375,56178.906,26.859430668266192,44495.3125;43778.125;44284.375,16560.0;16560.0;16560.0,46508.59375;56178.90625;68378.125,16560.0;16560.0;16560.0
dmd,0,int,sparse-16,123550.0,110784.375,-10.33235532173209,126114.0625;123550.0;123346.875,16560.0;16560.0;16560.0,111734.375;110784.375;110475.0,16560.0;16560.0;16560.0
dmd,0,int,sparse-4,64438.281,55222.656,-14.301475546810439,62370.3125;65421.875;64438.28125,16560.0;16560.0;16560.0,55222.65625;57957.03125;54976.5625,16560.0;16560.0;16560.0
dmd,0,int,sparse-64,382343.75,342981.25,-10.295055169595424,382343.75;412375.0;381400.0,16560.0;16560.0;16560.0,335043.75;342981.25;343868.75,16560.0;16560.0;16560.0
dmd,0,int,wide-integral,57123.438,41446.094,-27.444678662373235,59855.46875;52276.5625;57123.4375,16560.0;16560.0;16560.0,41696.09375;41446.09375;41332.8125,16560.0;16560.0;16560.0
dmd,0,long,boundary-only,35744.531,25946.875,-27.410223958456758,33316.40625;35744.53125;57832.8125,20624.0;20624.0;20624.0,25946.875;25740.625;25977.34375,20624.0;20624.0;20624.0
dmd,0,long,boundary-overlap,43131.25,28427.734,-34.09016896102014,43131.25;45287.109375;31077.34375,20656.0;20656.0;20656.0,29590.234375;28427.734375;27989.84375,20656.0;20656.0;20656.0
dmd,0,long,concave-u,106803.125,96229.688,-9.899932235128894,106803.125;106140.625;124401.5625,24832.0;24832.0;24832.0,96229.6875;95400.0;96992.1875,24832.0;24832.0;24832.0
dmd,0,long,crossing,57699.219,40371.094,-30.031818974880753,44158.59375;57699.21875;70655.46875,16560.0;16560.0;16560.0,40371.09375;40775.78125;40278.125,16560.0;16560.0;16560.0
dmd,0,long,degenerate-boundary,22.095,16.582,-24.951346458474767,21.2677001953125;24.7650146484375;22.0947265625,0.0;0.0;0.0,16.5435791015625;16.58172607421875;16.78466796875,0.0;0.0;0.0
dmd,0,long,degenerate-interior,20.409,16.608,-18.624136410407168,19.65484619140625;20.587158203125;20.40863037109375,0.0;0.0;0.0,16.864013671875;16.607666015625;16.58935546875,0.0;0.0;0.0
dmd,0,long,dense-1,61891.406,40636.719,-34.3419036239054,64119.53125;61891.40625;53496.875,16560.0;16560.0;16560.0,40636.71875;40650.0;40292.96875,16560.0;16560.0;16560.0
dmd,0,long,dense-16,1249525.0,1065650.0,-14.71559192493147,1289925.0;1249525.0;1181250.0,145008.0;145008.0;145008.0,1065650.0;1045025.0;1071450.0,145008.0;145008.0;145008.0
dmd,0,long,dense-4,303556.25,214334.375,-29.392204904362863,303556.25;291475.0;364290.625,41360.0;41360.0;41360.0,214334.375;214631.25;214103.125,41360.0;41360.0;41360.0
dmd,0,long,dense-64,6308600.0,5551700.0,-11.997907618172022,6576200.0;6308600.0;5505600.0,556032.0;556032.0;556032.0,5551700.0;5527000.0;5925000.0,556032.0;556032.0;556032.0
dmd,0,long,empty,22.368,17.03,-23.864449213161652,22.36785888671875;20.61614990234375;24.4964599609375,0.0;0.0;0.0,22.320556640625;17.03033447265625;16.5740966796875,0.0;0.0;0.0
dmd,0,long,endpoint-collapse,37955.469,48653.125,28.184755140293483,37955.46875;40182.03125;35253.90625,16528.0;16528.0;16528.0,48653.125;46603.90625;57835.9375,16528.0;16528.0;16528.0
dmd,0,long,exterior,8432.324,64.621,-99.23365136349125,8432.32421875;8729.58984375;8004.6875,8288.0;8288.0;8288.0,79.937744140625;50.335693359375;64.6209716796875,0.0;0.0;0.0
dmd,0,long,gap-collapse,105184.375,147614.062,40.338393416322525,109695.3125;105184.375;98914.0625,24800.0;24800.0;24800.0,147614.0625;119509.375;154114.0625,24800.0;24800.0;24800.0
dmd,0,long,hole,102314.062,96010.938,-6.160564712991268,106323.4375;101914.0625;102314.0625,24832.0;24832.0;24832.0,95829.6875;96121.875;96010.9375,24832.0;24832.0;24832.0
dmd,0,long,hole-reversed,338850.0,96418.75,-71.54530028036004,2842550.0;338850.0;179050.0,24832.0;24832.0;24832.0,96418.75;101446.875;96084.375,24832.0;24832.0;24832.0
dmd,0,long,interior,28003.516,23108.594,-17.479669338664472,28003.515625;27939.0625;28079.296875,8336.0;8336.0;8336.0,18653.90625;23108.59375;28274.21875,8336.0;8336.0;8336.0
dmd,0,long,isolated-tangent,16933.203,11608.789,-31.44363178070918,17079.296875;16928.3203125;16933.203125,16480.0;16480.0;16480.0,12915.625;11591.2109375;11608.7890625,16480.0;16480.0;16480.0
dmd,0,long,rational-crossing,43885.938,40160.938,-8.48791246070666,43885.9375;41893.75;45868.75,16560.0;16560.0;16560.0,40239.0625;40160.9375;40030.46875,16560.0;16560.0;16560.0
dmd,0,long,sparse-1,49087.5,40935.156,-16.607779984721162,45979.6875;49246.09375;49087.5,16560.0;16560.0;16560.0,42430.46875;40935.15625;40759.375,16560.0;16560.0;16560.0
dmd,0,long,sparse-16,119343.75,115046.875,-3.600418957842366,119343.75;126443.75;118853.125,16560.0;16560.0;16560.0,115046.875;116417.1875;112331.25,16560.0;16560.0;16560.0
dmd,0,long,sparse-4,62151.562,57325.781,-7.764536955644008,62151.5625;62927.34375;57822.65625,16560.0;16560.0;16560.0,57325.78125;55379.6875;58275.0,16560.0;16560.0;16560.0
dmd,0,long,sparse-64,490331.25,339643.75,-30.73177571284719,539493.75;490331.25;387600.0,16560.0;16560.0;16560.0,340118.75;339643.75;339187.5,16560.0;16560.0;16560.0
dmd,0,long,wide-integral,52457.812,49508.594,-5.622075888334798,61961.71875;52457.8125;50913.28125,16560.0;16560.0;16560.0,49508.59375;60019.53125;46641.40625,16560.0;16560.0;16560.0
dmd,1,double,boundary-only,26601.172,26269.531,-1.246715746208471,27353.90625;26601.171875;26436.328125,20624.0;20624.0;20624.0,25303.515625;27119.53125;26269.53125,20624.0;20624.0;20624.0
dmd,1,double,boundary-overlap,28935.156,28267.969,-2.305800597722707,28025.78125;28935.15625;73516.015625,20656.0;20656.0;20656.0,33545.3125;27895.703125;28267.96875,20656.0;20656.0;20656.0
dmd,1,double,concave-u,128407.812,122834.375,-4.340418945850432,144026.5625;128407.8125;124810.9375,24832.0;24832.0;24832.0,121332.8125;131648.4375;122834.375,24832.0;24832.0;24832.0
dmd,1,double,crossing,48053.125,49927.344,3.9003061715549237,48053.125;48280.46875;45654.6875,16560.0;16560.0;16560.0,52771.09375;48691.40625;49927.34375,16560.0;16560.0;16560.0
dmd,1,double,degenerate-boundary,12.152,9.29,-23.55167873601054,12.152099609375;12.37335205078125;11.8896484375,0.0;0.0;0.0,9.5306396484375;8.1634521484375;9.28955078125,0.0;0.0;0.0
dmd,1,double,degenerate-interior,12.527,8.931,-28.705995050690515,12.5274658203125;12.384033203125;13.58795166015625,0.0;0.0;0.0,7.67974853515625;8.93096923828125;11.62567138671875,0.0;0.0;0.0
dmd,1,double,dense-1,68981.25,52590.625,-23.760985775120048,92413.28125;64925.78125;68981.25,16560.0;16560.0;16560.0,55213.28125;52082.03125;52590.625,16560.0;16560.0;16560.0
dmd,1,double,dense-16,1287375.0,1453400.0,12.896397708515384,1287375.0;1753787.5;1103375.0,145008.0;145008.0;145008.0,1453400.0;1220375.0;1553375.0,145008.0;145008.0;145008.0
dmd,1,double,dense-4,266640.625,278471.875,4.4371520656314,266321.875;279937.5;266640.625,41360.0;41360.0;41360.0,328965.625;278471.875;268550.0,41360.0;41360.0;41360.0
dmd,1,double,dense-64,5541900.0,6453000.0,16.440210036269143,5548400.0;5541900.0;5003900.0,556032.0;556032.0;556032.0,6566100.0;6453000.0;5635500.0,556032.0;556032.0;556032.0
dmd,1,double,empty,16.257,10.329,-36.464292304853295,16.2567138671875;14.63775634765625;17.0318603515625,0.0;0.0;0.0,7.757568359375;10.4400634765625;10.32867431640625,0.0;0.0;0.0
dmd,1,double,exterior,8444.238,68.675,-99.18672353858335,8419.04296875;8444.23828125;8568.84765625,8288.0;8288.0;8288.0,68.67523193359375;73.50921630859375;67.3004150390625,0.0;0.0;0.0
dmd,1,double,hole,118968.75,115409.375,-2.991857105332285,131765.625;118968.75;111581.25,24832.0;24832.0;24832.0,115409.375;119371.875;113117.1875,24832.0;24832.0;24832.0
dmd,1,double,hole-reversed,110543.75,130123.438,17.71216192683891,105507.8125;110543.75;112518.75,24832.0;24832.0;24832.0,130123.4375;134845.3125;127932.8125,24832.0;24832.0;24832.0
dmd,1,double,interior,19521.68,19252.93,-1.3766745485019771,19521.6796875;18823.6328125;19777.9296875,8336.0;8336.0;8336.0,20396.2890625;19252.9296875;19087.3046875,8336.0;8336.0;8336.0
dmd,1,double,isolated-tangent,12250.0,13228.125,7.98469387755103,14131.25;11896.875;12250.0,16480.0;16480.0;16480.0,13151.953125;13922.65625;13228.125,16480.0;16480.0;16480.0
dmd,1,double,large-finite,85184.375,90571.875,6.324516673392266,85184.375;85631.25;83054.6875,16560.0;16560.0;16560.0,87996.875;100678.125;90571.875,16560.0;16560.0;16560.0
dmd,1,double,rational-crossing,47822.656,52697.656,10.193913110974018,47822.65625;48171.09375;43580.46875,16560.0;16560.0;16560.0,53801.5625;52697.65625;47601.5625,16560.0;16560.0;16560.0
dmd,1,double,sparse-1,45366.406,48995.312,7.999104006607882,44754.6875;45366.40625;46679.6875,16560.0;16560.0;16560.0,46754.6875;49235.9375;48995.3125,16560.0;16560.0;16560.0
dmd,1,double,sparse-16,131012.5,133582.812,1.96188302642879,129535.9375;167078.125;131012.5,16560.0;16560.0;16560.0,129842.1875;134028.125;133582.8125,16560.0;16560.0;16560.0
dmd,1,double,sparse-4,63226.562,63178.906,-0.07537338500233082,70902.34375;63226.5625;61251.5625,16560.0;16560.0;16560.0,64682.03125;63178.90625;59155.46875,16560.0;16560.0;16560.0
dmd,1,double,sparse-64,389381.25,426537.5,9.542382947304207,410656.25;358050.0;389381.25,16560.0;16560.0;16560.0,426537.5;414968.75;430143.75,16560.0;16560.0;16560.0
dmd,1,double,subnormal,85173.438,87985.938,3.3020857981569396,81190.625;85173.4375;87351.5625,16560.0;16560.0;16560.0,87985.9375;97035.9375;87643.75,16560.0;16560.0;16560.0
dmd,1,float,boundary-only,26411.719,33001.562,24.950450972161242,26411.71875;26889.0625;25504.296875,20624.0;20624.0;20624.0,33451.5625;33001.5625;32769.140625,20624.0;20624.0;20624.0
dmd,1,float,boundary-overlap,29805.859,31373.047,5.25798635764867,29805.859375;30403.125;29709.765625,20656.0;20656.0;20656.0,30689.453125;34888.671875;31373.046875,20656.0;20656.0;20656.0
dmd,1,float,concave-u,172021.875,109260.938,-36.48427678165931,172021.875;169045.3125;179029.6875,24832.0;24832.0;24832.0,105185.9375;109260.9375;121335.9375,24832.0;24832.0;24832.0
dmd,1,float,crossing,46738.281,50548.438,8.152111970057252,49611.71875;46045.3125;46738.28125,16560.0;16560.0;16560.0,50419.53125;50548.4375;55609.375,16560.0;16560.0;16560.0
dmd,1,float,degenerate-boundary,11.171,6.239,-44.15003133112523,11.17095947265625;11.14654541015625;11.4898681640625,0.0;0.0;0.0,6.04400634765625;6.34613037109375;6.23931884765625,0.0;0.0;0.0
dmd,1,float,degenerate-interior,12.195,7.634,-37.40057400574006,12.19482421875;12.44964599609375;10.7818603515625,0.0;0.0;0.0,7.63397216796875;21.3958740234375;7.1197509765625,0.0;0.0;0.0
dmd,1,float,dense-1,52183.594,47634.375,-8.717718829408339,52183.59375;55238.28125;49051.5625,16560.0;16560.0;16560.0,45523.4375;50592.96875;47634.375,16560.0;16560.0;16560.0
dmd,1,float,dense-16,1209012.5,1165050.0,-3.6362320488828703,1172812.5;1270800.0;1209012.5,145008.0;145008.0;145008.0,1145950.0;1392050.0;1165050.0,145008.0;145008.0;145008.0
dmd,1,float,dense-4,249215.625,402281.25,61.41895196178009,244403.125;249215.625;256084.375,41360.0;41360.0;41360.0,263928.125;402281.25;1473553.125,41360.0;41360.0;41360.0
dmd,1,float,dense-64,5109200.0,5689100.0,11.350113520707739,5109200.0;5689700.0;5092300.0,556032.0;556032.0;556032.0,6135800.0;5689100.0;5634200.0,556032.0;556032.0;556032.0
dmd,1,float,empty,12.346,6.158,-50.121496841082134,12.8509521484375;12.29248046875;12.34588623046875,0.0;0.0;0.0,6.158447265625;5.230712890625;7.03887939453125,0.0;0.0;0.0
dmd,1,float,exterior,8554.297,47.092,-99.449493044256,8554.296875;9273.828125;7736.328125,8288.0;8288.0;8288.0,47.0916748046875;41.3726806640625;49.07989501953125,0.0;0.0;0.0
dmd,1,float,hole,217787.5,119812.5,-44.98651208173104,296793.75;217787.5;118900.0,24832.0;24832.0;24832.0,119812.5;116253.125;120850.0,24832.0;24832.0;24832.0
dmd,1,float,hole-reversed,126857.812,122046.875,-3.792385288814537,126857.8125;114887.5;131057.8125,24832.0;24832.0;24832.0,125831.25;109479.6875;122046.875,24832.0;24832.0;24832.0
dmd,1,float,interior,19925.391,19942.578,0.08625677659224174,30703.90625;19925.390625;18751.953125,8336.0;8336.0;8336.0,19942.578125;18905.078125;20399.21875,8336.0;8336.0;8336.0
dmd,1,float,isolated-tangent,12933.789,14215.625,9.910753917510174,12916.9921875;15289.453125;12933.7890625,16480.0;16480.0;16480.0,14215.625;15710.9375;13929.8828125,16480.0;16480.0;16480.0
dmd,1,float,large-finite,51770.312,56437.5,9.015182292121393,48525.0;51770.3125;55906.25,16560.0;16560.0;16560.0,56437.5;56437.5;51926.5625,16560.0;16560.0;16560.0
dmd,1,float,rational-crossing,56477.344,54580.469,-3.3586476729500547,57210.15625;52577.34375;56477.34375,16560.0;16560.0;16560.0,52335.9375;57132.8125;54580.46875,16560.0;16560.0;16560.0
dmd,1,float,sparse-1,53444.531,45942.188,-14.03762529041559,55789.0625;53444.53125;49406.25,16560.0;16560.0;16560.0,47749.21875;43117.1875;45942.1875,16560.0;16560.0;16560.0
dmd,1,float,sparse-16,139740.625,127451.562,-8.794194959411406,134615.625;139740.625;144071.875,16560.0;16560.0;16560.0,130350.0;127451.5625;121026.5625,16560.0;16560.0;16560.0
dmd,1,float,sparse-4,70487.5,63870.312,-9.387746763610572,69007.8125;70487.5;104396.875,16560.0;16560.0;16560.0,63870.3125;64550.0;60595.3125,16560.0;16560.0;16560.0
dmd,1,float,sparse-64,424268.75,343743.75,-18.97971509803633,410456.25;424268.75;436868.75,16560.0;16560.0;16560.0,388862.5;343743.75;337956.25,16560.0;16560.0;16560.0
dmd,1,float,subnormal,55227.344,49562.5,-10.257317462161497,53919.53125;55607.8125;55227.34375,16560.0;16560.0;16560.0,50767.1875;45912.5;49562.5,16560.0;16560.0;16560.0
dmd,1,int,boundary-only,31245.703,30175.0,-3.4267207878152073,29423.4375;32899.609375;31245.703125,20624.0;20624.0;20624.0,31628.125;26843.75;30175.0,20624.0;20624.0;20624.0
dmd,1,int,boundary-overlap,36899.219,32884.375,-10.880566333937846,36899.21875;32807.8125;37732.8125,20656.0;20656.0;20656.0,33895.3125;32884.375;32118.75,20656.0;20656.0;20656.0
dmd,1,int,concave-u,95526.562,123457.812,29.239249707322234,95526.5625;97239.0625;95498.4375,24832.0;24832.0;24832.0,134182.8125;105935.9375;123457.8125,24832.0;24832.0;24832.0
dmd,1,int,crossing,49396.094,50404.688,2.0418497057682394,49396.09375;51967.1875;46625.0,16560.0;16560.0;16560.0,50404.6875;48242.96875;69463.28125,16560.0;16560.0;16560.0
dmd,1,int,degenerate-boundary,12.927,10.091,-21.93857816972229,12.90435791015625;13.29498291015625;12.92724609375,0.0;0.0;0.0,9.051513671875;10.09063720703125;16.77703857421875,0.0;0.0;0.0
dmd,1,int,degenerate-interior,17.853,9.28,-48.019940626225285,18.37921142578125;17.852783203125;14.0960693359375,0.0;0.0;0.0,9.43145751953125;9.2803955078125;9.0728759765625,0.0;0.0;0.0
dmd,1,int,dense-1,80237.5,48614.844,-39.41131765072442,102571.875;80237.5;71703.125,16560.0;16560.0;16560.0,49053.90625;48614.84375;45631.25,16560.0;16560.0;16560.0
dmd,1,int,dense-16,1582525.0,1342550.0,-15.164057439850875,1582525.0;1620625.0;1539800.0,145008.0;145008.0;145008.0,1359475.0;1342550.0;1329800.0,145008.0;145008.0;145008.0
dmd,1,int,dense-4,369750.0,237928.125,-35.651622718052735,374156.25;279031.25;369750.0,41360.0;41360.0;41360.0,237928.125;224228.125;245334.375,41360.0;41360.0;41360.0
dmd,1,int,dense-64,6509500.0,5604000.0,-13.910438589753438,6392200.0;9878800.0;6509500.0,556032.0;556032.0;556032.0,5711800.0;5604000.0;5337800.0,556032.0;556032.0;556032.0
dmd,1,int,empty,15.436,10.291,-33.33117387924332,16.18194580078125;15.09552001953125;15.435791015625,0.0;0.0;0.0,15.02838134765625;9.2376708984375;10.29052734375,0.0;0.0;0.0
dmd,1,int,exterior,8579.492,34.744,-99.595034298068,9424.4140625;7997.265625;8579.4921875,8288.0;8288.0;8288.0,32.769775390625;36.79046630859375;34.7442626953125,0.0;0.0;0.0
dmd,1,int,hole,96121.875,105075.0,9.314347020384272,100751.5625;95778.125;96121.875,24832.0;24832.0;24832.0,105075.0;100143.75;120254.6875,24832.0;24832.0;24832.0
dmd,1,int,hole-reversed,95721.875,105431.25,10.143318859978457,95756.25;95721.875;95106.25,24832.0;24832.0;24832.0,101809.375;105431.25;106134.375,24832.0;24832.0;24832.0
dmd,1,int,interior,24119.922,24874.609,3.1288948612686385,21975.78125;25558.59375;24119.921875,8336.0;8336.0;8336.0,19975.78125;24874.609375;26880.859375,8336.0;8336.0;8336.0
dmd,1,int,isolated-tangent,13520.117,14296.875,5.745201761197771,13520.1171875;22653.3203125;11866.2109375,16480.0;16480.0;16480.0,12108.203125;14296.875;15132.8125,16480.0;16480.0;16480.0
dmd,1,int,rational-crossing,39929.688,45174.219,13.134415174994585,39929.6875;39855.46875;39947.65625,16560.0;16560.0;16560.0,43961.71875;51706.25;45174.21875,16560.0;16560.0;16560.0
dmd,1,int,sparse-1,41575.781,43760.938,5.255841135010786,52170.3125;41575.78125;41109.375,16560.0;16560.0;16560.0,43920.3125;43760.9375;42546.875,16560.0;16560.0;16560.0
dmd,1,int,sparse-16,144160.938,131751.562,-8.608001704317426,144160.9375;155053.125;133810.9375,16560.0;16560.0;16560.0,131751.5625;157656.25;119015.625,16560.0;16560.0;16560.0
dmd,1,int,sparse-4,54554.688,58989.844,8.129743130416212,54554.6875;54475.78125;56701.5625,16560.0;16560.0;16560.0,58805.46875;58989.84375;59352.34375,16560.0;16560.0;16560.0
dmd,1,int,sparse-64,579900.0,360275.0,-37.872909122262456,1039125.0;579900.0;442100.0,16560.0;16560.0;16560.0,351912.5;360275.0;377475.0,16560.0;16560.0;16560.0
dmd,1,int,wide-integral,69046.875,47016.406,-31.90654030323602,75989.0625;68587.5;69046.875,16560.0;16560.0;16560.0,59465.625;44650.78125;47016.40625,16560.0;16560.0;16560.0
dmd,1,long,boundary-only,42215.625,31201.953,-26.089089051743276,42921.875;42070.3125;42215.625,20624.0;20624.0;20624.0,32530.078125;31201.953125;29777.734375,20624.0;20624.0;20624.0
dmd,1,long,boundary-overlap,38654.688,35614.844,-7.864101761731989,38654.6875;50045.3125;35980.46875,20656.0;20656.0;20656.0,36343.359375;35614.84375;33317.1875,20656.0;20656.0;20656.0
dmd,1,long,concave-u,101112.5,110954.688,9.733898380516749,101112.5;106218.75;99618.75,24832.0;24832.0;24832.0,110954.6875;131682.8125;104668.75,24832.0;24832.0;24832.0
dmd,1,long,crossing,55855.469,66881.25,19.739841411053227,47865.625;55855.46875;57501.5625,16560.0;16560.0;16560.0,66113.28125;66881.25;69847.65625,16560.0;16560.0;16560.0
dmd,1,long,degenerate-boundary,19.226,19.615,2.023301778841158,19.0765380859375;56.94732666015625;19.22607421875,0.0;0.0;0.0,23.8616943359375;18.83697509765625;19.61517333984375,0.0;0.0;0.0
dmd,1,long,degenerate-interior,22.923,16.608,-27.54875016359114,22.09625244140625;22.92327880859375;24.94964599609375,0.0;0.0;0.0,16.607666015625;16.56036376953125;18.95294189453125,0.0;0.0;0.0
dmd,1,long,dense-1,101478.906,48661.719,-52.04745407878166,105605.46875;101478.90625;64353.125,16560.0;16560.0;16560.0,48661.71875;47502.34375;49177.34375,16560.0;16560.0;16560.0
dmd,1,long,dense-16,1035300.0,1230900.0,18.893074471167772,1035300.0;1015175.0;1061362.5,145008.0;145008.0;145008.0,1196837.5;1230900.0;1261450.0,145008.0;145008.0;145008.0
dmd,1,long,dense-4,221912.5,229062.5,3.2219906494676875,226784.375;221912.5;215287.5,41360.0;41360.0;41360.0,228862.5;229062.5;271650.0,41360.0;41360.0;41360.0
dmd,1,long,dense-64,4718600.0,5353700.0,13.459500699359971,4937400.0;4718600.0;4707650.0,556032.0;556032.0;556032.0,5255100.0;5929400.0;5353700.0,556032.0;556032.0;556032.0
dmd,1,long,empty,23.425,20.631,-11.927427961579507,23.42529296875;24.285888671875;22.74932861328125,0.0;0.0;0.0,19.42596435546875;22.2259521484375;20.63140869140625,0.0;0.0;0.0
dmd,1,long,endpoint-collapse,35145.312,41857.031,19.09705339932679,34711.328125;36354.6875;35145.3125,16528.0;16528.0;16528.0,39647.65625;41857.03125;47590.625,16528.0;16528.0;16528.0
dmd,1,long,exterior,18679.883,53.456,-99.71383118406041,18679.8828125;37902.5390625;14934.5703125,8288.0;8288.0;8288.0,49.46746826171875;53.45611572265625;53.84368896484375,0.0;0.0;0.0
dmd,1,long,gap-collapse,121756.25,130585.938,7.2519381961911655,121756.25;207375.0;104112.5,24800.0;24800.0;24800.0,132159.375;130585.9375;106870.3125,24800.0;24800.0;24800.0
dmd,1,long,hole,101832.812,108646.875,6.691421817949994,106321.875;101832.8125;99204.6875,24832.0;24832.0;24832.0,106385.9375;128556.25;108646.875,24832.0;24832.0;24832.0
dmd,1,long,hole-reversed,100739.062,129254.688,28.306423976828366,100739.0625;98848.4375;103721.875,24832.0;24832.0;24832.0,129254.6875;135065.625;119134.375,24832.0;24832.0;24832.0
dmd,1,long,interior,34416.406,19557.422,-43.1741303842127,34416.40625;44541.015625;26556.25,8336.0;8336.0;8336.0,19557.421875;19221.484375;19631.640625,8336.0;8336.0;8336.0
dmd,1,long,isolated-tangent,15240.82,16995.117,11.510515838386649,15240.8203125;14896.09375;15716.2109375,16480.0;16480.0;16480.0,17318.5546875;16705.46875;16995.1171875,16480.0;16480.0;16480.0
dmd,1,long,rational-crossing,43678.906,93792.188,114.73108323729532,41759.375;43678.90625;45086.71875,16560.0;16560.0;16560.0,325189.0625;93792.1875;44886.71875,16560.0;16560.0;16560.0
dmd,1,long,sparse-1,44417.969,47670.312,7.322133526636487,42416.40625;44417.96875;63171.09375,16560.0;16560.0;16560.0,46700.0;47670.3125;49408.59375,16560.0;16560.0;16560.0
dmd,1,long,sparse-16,133765.625,126856.25,-5.165284429389095,133765.625;137578.125;130314.0625,16560.0;16560.0;16560.0,118614.0625;126856.25;127662.5,16560.0;16560.0;16560.0
dmd,1,long,sparse-4,58954.688,68515.625,16.21743295461082,61140.625;58763.28125;58954.6875,16560.0;16560.0;16560.0,68515.625;65947.65625;71412.5,16560.0;16560.0;16560.0
dmd,1,long,sparse-64,407668.75,407400.0,-0.06592362058657208,409268.75;407668.75;385912.5,16560.0;16560.0;16560.0,383968.75;412262.5;407400.0,16560.0;16560.0;16560.0
dmd,1,long,wide-integral,42913.281,49333.594,14.961132894965523,46023.4375;42913.28125;42789.84375,16560.0;16560.0;16560.0,49333.59375;55300.78125;48831.25,16560.0;16560.0;16560.0
ldc2,0,double,boundary-only,21254.492,17515.234,-17.592789326604453,17568.5546875;21894.53125;21254.4921875,20624.0;20624.0;20624.0,15144.53125;18389.84375;17515.234375,20624.0;20624.0;20624.0
ldc2,0,double,boundary-overlap,23317.188,22581.25,-3.1562039127531083,23317.1875;23414.0625;22869.140625,20656.0;20656.0;20656.0,22664.84375;22581.25;22493.359375,20656.0;20656.0;20656.0
ldc2,0,double,concave-u,46686.719,43261.719,-7.336133430151737,46686.71875;47171.875;45705.46875,24832.0;24832.0;24832.0,43261.71875;42319.53125;43285.9375,24832.0;24832.0;24832.0
ldc2,0,double,crossing,19930.469,29787.891,49.459056884210796,19102.9296875;20249.609375;19930.46875,16560.0;16560.0;16560.0,29787.890625;29838.28125;29757.03125,16560.0;16560.0;16560.0
ldc2,0,double,degenerate-boundary,6.787,2.029,-70.1046117577722,6.488037109375;6.787109375;7.04498291015625,0.0;0.0;0.0,2.03094482421875;2.0294189453125;2.0294189453125,0.0;0.0;0.0
ldc2,0,double,degenerate-interior,7.1,3.94,-44.50704225352112,6.48651123046875;7.18536376953125;7.09991455078125,0.0;0.0;0.0,3.9276123046875;3.9398193359375;4.25872802734375,0.0;0.0;0.0
ldc2,0,double,dense-1,19465.625,23505.469,20.753733825654198,19465.625;19391.9921875;20568.75,16560.0;16560.0;16560.0,29710.546875;23505.46875;20426.5625,16560.0;16560.0;16560.0
ldc2,0,double,dense-16,488118.75,699937.5,43.39492182998501,481237.5;571775.0;488118.75,145008.0;145008.0;145008.0,702975.0;699937.5;696112.5,145008.0;145008.0;145008.0
ldc2,0,double,dense-4,96023.438,145481.25,51.5059791964541,92964.0625;98295.3125;96023.4375,41360.0;41360.0;41360.0,145481.25;176050.0;143925.0,41360.0;41360.0;41360.0
ldc2,0,double,dense-64,3274500.0,10735900.0,227.86379599938923,3260300.0;3274500.0;3329950.0,556032.0;556032.0;556032.0,5461400.0;10825300.0;10735900.0,556032.0;556032.0;556032.0
ldc2,0,double,empty,7.344,4.713,-35.825163398692816,7.34405517578125;6.91986083984375;7.43865966796875,0.0;0.0;0.0,7.10296630859375;3.900146484375;4.71343994140625,0.0;0.0;0.0
ldc2,0,double,exterior,5665.137,20.937,-99.63042376556824,5660.15625;5665.13671875;5666.50390625,8288.0;8288.0;8288.0,20.93658447265625;17.10357666015625;24.5086669921875,0.0;0.0;0.0
ldc2,0,double,hole,47539.844,42302.344,-11.017074435498774,47539.84375;48092.96875;44158.59375,24832.0;24832.0;24832.0,41696.09375;42302.34375;47769.53125,24832.0;24832.0;24832.0
ldc2,0,double,hole-reversed,66595.312,45730.469,-31.330798480229372,66595.3125;66400.0;66864.0625,24832.0;24832.0;24832.0,45730.46875;41714.0625;50065.625,24832.0;24832.0;24832.0
ldc2,0,double,interior,12021.68,11869.141,-1.268865915579187,12021.6796875;12154.6875;12004.1015625,8336.0;8336.0;8336.0,11901.5625;11825.78125;11869.140625,8336.0;8336.0;8336.0
ldc2,0,double,isolated-tangent,8070.508,11747.266,45.55795000760794,8070.5078125;7867.3828125;11291.50390625,16480.0;16480.0;16480.0,11699.609375;11747.265625;11819.7265625,16480.0;16480.0;16480.0
ldc2,0,double,large-finite,106146.875,36344.531,-65.7601497924456,106146.875;79385.9375;129918.75,16560.0;16560.0;16560.0,44394.53125;35857.8125;36344.53125,16560.0;16560.0;16560.0
ldc2,0,double,rational-crossing,29506.641,20995.312,-28.845469058982342,29599.21875;29506.640625;29270.703125,16560.0;16560.0;16560.0,19298.828125;22092.3828125;20995.3125,16560.0;16560.0;16560.0
ldc2,0,double,sparse-1,20191.406,23231.641,15.057074281998982,20191.40625;19974.609375;20591.40625,16560.0;16560.0;16560.0,32100.0;23231.640625;20532.03125,16560.0;16560.0;16560.0
ldc2,0,double,sparse-16,72669.531,51338.281,-29.353774142288046,72669.53125;74304.6875;72639.0625,16560.0;16560.0;16560.0,53112.5;46148.4375;51338.28125,16560.0;16560.0;16560.0
ldc2,0,double,sparse-4,26558.984,26055.078,-1.8973090235680612,26006.640625;26701.171875;26558.984375,16560.0;16560.0;16560.0,27498.4375;26055.078125;24671.09375,16560.0;16560.0;16560.0
ldc2,0,double,sparse-64,211296.875,198840.625,-5.895141610589372,211628.125;210893.75;211296.875,16560.0;16560.0;16560.0,197534.375;198840.625;209003.125,16560.0;16560.0;16560.0
ldc2,0,double,subnormal,43025.0,42764.844,-0.6046624055781602,43025.0;43306.25;42799.21875,16560.0;16560.0;16560.0,42764.84375;42510.9375;46882.03125,16560.0;16560.0;16560.0
ldc2,0,float,boundary-only,20560.938,21224.219,3.22592772761634,20585.15625;20423.046875;20560.9375,20624.0;20624.0;20624.0,21224.21875;21453.515625;20539.84375,20624.0;20624.0;20624.0
ldc2,0,float,boundary-overlap,22398.047,22452.734,0.24415968052928783,22416.40625;22398.046875;22285.9375,20656.0;20656.0;20656.0,22510.15625;22409.765625;22452.734375,20656.0;20656.0;20656.0
ldc2,0,float,concave-u,66487.5,66725.781,0.3583846587704498,66487.5;66533.59375;66145.3125,24832.0;24832.0;24832.0,66725.78125;66634.375;67006.25,24832.0;24832.0;24832.0
ldc2,0,float,crossing,29664.453,25787.891,-13.068038031916519,29699.21875;29664.453125;29338.671875,16560.0;16560.0;16560.0,25787.890625;23403.90625;31718.359375,16560.0;16560.0;16560.0
ldc2,0,float,degenerate-boundary,5.954,5.513,-7.406785354383604,5.9844970703125;4.6356201171875;5.9539794921875,0.0;0.0;0.0,5.18646240234375;5.51300048828125;6.12335205078125,0.0;0.0;0.0
ldc2,0,float,degenerate-interior,4.758,5.559,16.83480453972257,5.65032958984375;4.1015625;4.7576904296875,0.0;0.0;0.0,5.55877685546875;5.27191162109375;6.1370849609375,0.0;0.0;0.0
ldc2,0,float,dense-1,29328.125,23188.281,-20.93500351624934,29460.15625;29328.125;29282.8125,16560.0;16560.0;16560.0,23188.28125;23581.640625;19242.96875,16560.0;16560.0;16560.0
ldc2,0,float,dense-16,706962.5,724712.5,2.510741375956993,708318.75;706962.5;705156.25,145008.0;145008.0;145008.0,724712.5;729550.0;705500.0,145008.0;145008.0;145008.0
ldc2,0,float,dense-4,146007.812,144265.625,-1.193214921952257,146007.8125;146379.6875;145593.75,41360.0;41360.0;41360.0,145778.125;144265.625;144171.875,41360.0;41360.0;41360.0
ldc2,0,float,dense-64,3337800.0,3296850.0,-1.2268560129426564,3337800.0;3400600.0;3285000.0,556032.0;556032.0;556032.0,3373300.0;3296300.0;3296850.0,556032.0;556032.0;556032.0
ldc2,0,float,empty,8.351,5.493,-34.22344629385703,7.99407958984375;9.18426513671875;8.35113525390625,0.0;0.0;0.0,5.4931640625;5.20172119140625;5.8349609375,0.0;0.0;0.0
ldc2,0,float,exterior,4645.215,28.05,-99.39615281531641,5247.0703125;4488.57421875;4645.21484375,8288.0;8288.0;8288.0,24.774169921875;28.05023193359375;29.3121337890625,0.0;0.0;0.0
ldc2,0,float,hole,66760.156,67151.562,0.586286826531679,66760.15625;66673.4375;66814.0625,24832.0;24832.0;24832.0,66900.78125;67151.5625;67164.0625,24832.0;24832.0;24832.0
ldc2,0,float,hole-reversed,66206.25,251115.625,279.2929292929293,66206.25;66124.21875;66994.53125,24832.0;24832.0;24832.0,266501.5625;251115.625;71154.6875,24832.0;24832.0;24832.0
ldc2,0,float,interior,9445.117,11799.219,24.92401099954611,8762.3046875;9445.1171875;10350.5859375,8336.0;8336.0;8336.0,11799.21875;11814.6484375;8056.0546875,8336.0;8336.0;8336.0
ldc2,0,float,isolated-tangent,11192.969,11813.086,5.540236911225249,11194.53125;11192.96875;11122.0703125,16480.0;16480.0;16480.0,11805.6640625;12292.96875;11813.0859375,16480.0;16480.0;16480.0
ldc2,0,float,large-finite,30899.609,22555.859,-27.00276886998797,29079.8828125;31018.5546875;30899.609375,16560.0;16560.0;16560.0,28953.90625;20852.734375;22555.859375,16560.0;16560.0;16560.0
ldc2,0,float,rational-crossing,23649.609,29043.75,22.808584277228427,23649.609375;24796.875;20292.1875,16560.0;16560.0;16560.0,29374.21875;29025.78125;29043.75,16560.0;16560.0;16560.0
ldc2,0,float,sparse-1,19476.562,19863.672,1.987568442520793,19198.828125;19476.5625;27555.46875,16560.0;16560.0;16560.0,25817.96875;19416.40625;19863.671875,16560.0;16560.0;16560.0
ldc2,0,float,sparse-16,99471.875,71146.875,-28.47538563036034,117534.375;99471.875;95995.3125,16560.0;16560.0;16560.0,71178.125;70546.875;71146.875,16560.0;16560.0;16560.0
ldc2,0,float,sparse-4,38492.969,35517.969,-7.728684165671917,39000.0;38492.96875;38178.125,16560.0;16560.0;16560.0,35517.96875;27932.03125;78498.4375,16560.0;16560.0;16560.0
ldc2,0,float,sparse-64,165881.25,203343.75,22.58392675483214,201534.375;149800.0;165881.25,16560.0;16560.0;16560.0,202775.0;203343.75;203571.875,16560.0;16560.0;16560.0
ldc2,0,float,subnormal,28508.594,29429.688,3.2309345034693626,28508.59375;28480.859375;28687.5,16560.0;16560.0;16560.0,29429.6875;29442.578125;24944.921875,16560.0;16560.0;16560.0
ldc2,0,int,boundary-only,19163.281,17818.75,-7.016183710920898,19444.921875;19056.25;19163.28125,20624.0;20624.0;20624.0,17515.234375;17818.75;17923.2421875,20624.0;20624.0;20624.0
ldc2,0,int,boundary-overlap,12645.898,19348.438,53.00169272281019,12230.078125;12645.8984375;16350.5859375,20656.0;20656.0;20656.0,19356.25;19348.4375;19278.90625,20656.0;20656.0;20656.0
ldc2,0,int,concave-u,63864.844,53492.969,-16.240351264304355,64110.9375;63864.84375;63265.625,24832.0;24832.0;24832.0,50002.34375;53492.96875;63545.3125,24832.0;24832.0;24832.0
ldc2,0,int,crossing,18605.469,28134.375,51.21561837543573,21939.6484375;18605.46875;17782.8125,16560.0;16560.0;16560.0,28007.421875;28260.15625;28134.375,16560.0;16560.0;16560.0
ldc2,0,int,degenerate-boundary,4.915,3.476,-29.277721261444555,4.63409423828125;5.1727294921875;4.91485595703125,0.0;0.0;0.0,3.4759521484375;2.86102294921875;5.9051513671875,0.0;0.0;0.0
ldc2,0,int,degenerate-interior,6.335,2.165,-65.82478295185477,6.33544921875;6.06842041015625;6.79779052734375,0.0;0.0;0.0,3.8909912109375;2.16522216796875;2.16522216796875,0.0;0.0;0.0
ldc2,0,int,dense-1,23709.375,28149.609,18.727756425464605,28028.90625;23709.375;21617.1875,16560.0;16560.0;16560.0,27600.390625;28580.46875;28149.609375,16560.0;16560.0;16560.0
ldc2,0,int,dense-16,684237.5,668612.5,-2.2835638210416676,684237.5;681337.5;686162.5,145008.0;145008.0;145008.0,667275.0;668612.5;674150.0,145008.0;145008.0;145008.0
ldc2,0,int,dense-4,139084.375,137787.5,-0.9324375940863217,138832.8125;139265.625;139084.375,41360.0;41360.0;41360.0,137509.375;137787.5;143939.0625,41360.0;41360.0;41360.0
ldc2,0,int,dense-64,2162750.0,3115750.0,44.06427002658653,2239900.0;2022000.0;2162750.0,556032.0;556032.0;556032.0,3119500.0;3115750.0;3092500.0,556032.0;556032.0;556032.0
ldc2,0,int,empty,5.424,2.847,-47.51106194690266,5.42449951171875;3.8604736328125;8.52203369140625,0.0;0.0;0.0,2.8472900390625;2.5665283203125;4.42352294921875,0.0;0.0;0.0
ldc2,0,int,exterior,4182.031,18.602,-99.55519220206641,4205.56640625;4182.03125;4164.74609375,8288.0;8288.0;8288.0,18.75152587890625;18.55316162109375;18.60198974609375,0.0;0.0;0.0
ldc2,0,int,hole,49110.938,64487.5,31.30985199264571,49271.09375;49110.9375;48277.34375,24832.0;24832.0;24832.0,79785.15625;64487.5;63678.90625,24832.0;24832.0;24832.0
ldc2,0,int,hole-reversed,63822.656,63012.5,-1.269386219213442,63822.65625;64041.40625;63297.65625,24832.0;24832.0;24832.0,65289.0625;63012.5;62613.28125,24832.0;24832.0;24832.0
ldc2,0,int,interior,10081.055,10773.047,6.8642815657686596,9776.26953125;10081.0546875;10372.36328125,8336.0;8336.0;8336.0,12214.84375;10773.046875;10623.046875,8336.0;8336.0;8336.0
ldc2,0,int,isolated-tangent,8171.289,6317.48,-22.68686127733336,8172.4609375;8171.2890625;8161.5234375,16480.0;16480.0;16480.0,5445.1171875;6317.48046875;8258.88671875,16480.0;16480.0;16480.0
ldc2,0,int,rational-crossing,18991.211,27874.609,46.776364077045976,18991.2109375;18587.109375;22963.28125,16560.0;16560.0;16560.0,27792.96875;27874.609375;29039.0625,16560.0;16560.0;16560.0
ldc2,0,int,sparse-1,19859.766,27701.953,39.48781168922133,19696.09375;19859.765625;20072.265625,16560.0;16560.0;16560.0,29273.828125;27685.9375;27701.953125,16560.0;16560.0;16560.0
ldc2,0,int,sparse-16,61175.0,60228.906,-1.546536984062108,61710.15625;61175.0;60975.78125,16560.0;16560.0;16560.0,60933.59375;60228.90625;60150.0,16560.0;16560.0;16560.0
ldc2,0,int,sparse-4,22154.297,34589.062,56.128005325558284,22154.296875;22032.421875;23862.890625,16560.0;16560.0;16560.0,34453.515625;34589.0625;35817.578125,16560.0;16560.0;16560.0
ldc2,0,int,sparse-64,106235.938,118646.875,11.682428031086811,106128.125;108256.25;106235.9375,16560.0;16560.0;16560.0,135106.25;118646.875;118639.0625,16560.0;16560.0;16560.0
ldc2,0,int,wide-integral,19675.781,29285.938,48.84256945124568,19675.78125;18378.90625;25456.25,16560.0;16560.0;16560.0,29514.0625;29285.9375;29243.75,16560.0;16560.0;16560.0
ldc2,0,long,boundary-only,19561.719,43290.625,121.30276485415212,19561.71875;19678.515625;19494.921875,20624.0;20624.0;20624.0,41490.625;296709.375;43290.625,20624.0;20624.0;20624.0
ldc2,0,long,boundary-overlap,21109.766,20609.375,-2.3704241913434787,21109.765625;21301.953125;20754.296875,20656.0;20656.0;20656.0,21254.6875;20577.34375;20609.375,20656.0;20656.0;20656.0
ldc2,0,long,concave-u,307834.375,65373.438,-78.76343796887531,382350.0;168571.875;307834.375,24832.0;24832.0;24832.0,50175.0;69997.65625;65373.4375,24832.0;24832.0;24832.0
ldc2,0,long,crossing,28485.156,102928.125,261.33951662402694,28485.15625;28771.484375;28301.171875,16560.0;16560.0;16560.0,274581.25;102928.125;70521.875,16560.0;16560.0;16560.0
ldc2,0,long,degenerate-boundary,9.271,11.961,29.015208715348926,7.25555419921875;9.271240234375;9.47265625,0.0;0.0;0.0,11.63787841796875;12.310791015625;11.96136474609375,0.0;0.0;0.0
ldc2,0,long,degenerate-interior,7.24,11.649,60.8977900552486,6.85272216796875;7.24029541015625;7.513427734375,0.0;0.0;0.0,11.6485595703125;12.64190673828125;11.60430908203125,0.0;0.0;0.0
ldc2,0,long,dense-1,28202.344,28818.75,2.185655206531756,28064.84375;28552.734375;28202.34375,16560.0;16560.0;16560.0,28698.4375;28818.75;28965.234375,16560.0;16560.0;16560.0
ldc2,0,long,dense-16,680825.0,692450.0,1.7074872397458973,680825.0;679000.0;686462.5,145008.0;145008.0;145008.0,693512.5;687087.5;692450.0,145008.0;145008.0;145008.0
ldc2,0,long,dense-4,94335.938,143762.5,52.3942020908299,94335.9375;94735.9375;93487.5,41360.0;41360.0;41360.0,143325.0;143762.5;145234.375,41360.0;41360.0;41360.0
ldc2,0,long,dense-64,3144800.0,3253550.0,3.4580895446451265,3154450.0;3136850.0;3144800.0,556032.0;556032.0;556032.0,3253550.0;3178300.0;3280850.0,556032.0;556032.0;556032.0
ldc2,0,long,empty,8.09,11.88,46.847960444993845,8.0902099609375;8.7921142578125;6.93359375,0.0;0.0;0.0,11.8804931640625;12.68768310546875;11.31591796875,0.0;0.0;0.0
ldc2,0,long,endpoint-collapse,23764.453,23857.422,0.39121035102300805,28399.21875;23763.671875;23764.453125,16528.0;16528.0;16528.0,23857.421875;24736.328125;23737.5,16528.0;16528.0;16528.0
ldc2,0,long,exterior,5036.426,34.372,-99.31753191648205,5036.42578125;5119.82421875;5023.2421875,8288.0;8288.0;8288.0,29.30145263671875;43.52569580078125;34.3719482421875,0.0;0.0;0.0
ldc2,0,long,gap-collapse,60325.0,61682.031,2.249533360961453,60524.21875;60325.0;60008.59375,24800.0;24800.0;24800.0,61971.09375;61682.03125;61639.0625,24800.0;24800.0;24800.0
ldc2,0,long,hole,47415.625,65385.938,37.89955948065644,47210.9375;47415.625;55623.4375,24832.0;24832.0;24832.0,65237.5;65385.9375;67528.125,24832.0;24832.0;24832.0
ldc2,0,long,hole-reversed,64300.0,64209.375,-0.1409409020217689,64188.28125;64300.0;65532.03125,24832.0;24832.0;24832.0,65076.5625;64185.9375;64209.375,24832.0;24832.0;24832.0
ldc2,0,long,interior,11277.539,18548.438,64.47239065189663,10837.3046875;11565.8203125;11277.5390625,8336.0;8336.0;8336.0,23401.5625;18548.4375;13124.609375,8336.0;8336.0;8336.0
ldc2,0,long,isolated-tangent,9032.324,8888.379,-1.5936651519586786,9161.81640625;8988.57421875;9032.32421875,16480.0;16480.0;16480.0,8854.98046875;8888.37890625;9060.7421875,16480.0;16480.0;16480.0
ldc2,0,long,rational-crossing,28236.719,29029.688,2.8082901558073914,28321.484375;28236.71875;27955.46875,16560.0;16560.0;16560.0,29029.6875;24315.625;35588.28125,16560.0;16560.0;16560.0
ldc2,0,long,sparse-1,22578.906,29087.891,28.827725311403498,22578.90625;26734.765625;21221.875,16560.0;16560.0;16560.0,29144.921875;29087.890625;28985.15625,16560.0;16560.0;16560.0
ldc2,0,long,sparse-16,66544.531,65039.844,-2.261173048165299,66573.4375;66544.53125;58194.53125,16560.0;16560.0;16560.0,65039.84375;64818.75;65121.875,16560.0;16560.0;16560.0
ldc2,0,long,sparse-4,36161.328,36864.844,1.9454927097809938,36051.953125;36251.5625;36161.328125,16560.0;16560.0;16560.0,36864.84375;36791.015625;37512.109375,16560.0;16560.0;16560.0
ldc2,0,long,sparse-64,189568.75,179446.875,-5.339421713758197,189568.75;189625.0;187765.625,16560.0;16560.0;16560.0,179340.625;180959.375;179446.875,16560.0;16560.0;16560.0
ldc2,0,long,wide-integral,28706.25,32506.25,13.23753537992598,31889.0625;26871.875;28706.25,16560.0;16560.0;16560.0,32712.890625;32506.25;32404.296875,16560.0;16560.0;16560.0
ldc2,1,double,boundary-only,12456.836,22033.594,76.87953827119505,12427.34375;12456.8359375;12737.6953125,20624.0;20624.0;20624.0,22076.5625;22033.59375;21656.25,20624.0;20624.0;20624.0
ldc2,1,double,boundary-overlap,14193.555,23014.844,62.149961725586024,13680.078125;14762.3046875;14193.5546875,20656.0;20656.0;20656.0,22442.578125;23014.84375;23251.953125,20656.0;20656.0;20656.0
ldc2,1,double,concave-u,54932.812,43473.438,-20.860708896533453,54932.8125;66001.5625;47490.625,24832.0;24832.0;24832.0,41631.25;44281.25;43473.4375,24832.0;24832.0;24832.0
ldc2,1,double,crossing,17591.602,31482.812,78.96500841708449,17591.6015625;19025.0;17107.8125,16560.0;16560.0;16560.0,31805.46875;31482.8125;30732.8125,16560.0;16560.0;16560.0
ldc2,1,double,degenerate-boundary,5.725,2.312,-59.61572052401747,4.7454833984375;5.72509765625;8.0474853515625,0.0;0.0;0.0,2.0294189453125;2.31170654296875;2.70843505859375,0.0;0.0;0.0
ldc2,1,double,degenerate-interior,4.674,2.029,-56.58964484381686,3.60260009765625;4.67376708984375;5.46722412109375,0.0;0.0;0.0,2.0294189453125;2.25067138671875;2.0294189453125,0.0;0.0;0.0
ldc2,1,double,dense-1,18173.438,17489.453,-3.763652204937762,21778.90625;18173.4375;16959.375,16560.0;16560.0;16560.0,17011.5234375;17489.453125;18191.796875,16560.0;16560.0;16560.0
ldc2,1,double,dense-16,464231.25,479975.0,3.391359371003144,472612.5;439368.75;464231.25,145008.0;145008.0;145008.0,636700.0;471075.0;479975.0,145008.0;145008.0;145008.0
ldc2,1,double,dense-4,88070.312,145459.375,65.16277925755503,88070.3125;91085.9375;87301.5625,41360.0;41360.0;41360.0,96385.9375;145459.375;199325.0,41360.0;41360.0;41360.0
ldc2,1,double,dense-64,2196100.0,2113650.0,-3.7543827694549448,1997450.0;2196100.0;2278725.0,556032.0;556032.0;556032.0,2049150.0;2137000.0;2113650.0,556032.0;556032.0;556032.0
ldc2,1,double,empty,3.6,2.029,-43.63888888888889,3.59954833984375;3.59344482421875;3.79180908203125,0.0;0.0;0.0,2.0294189453125;2.0294189453125;2.0294189453125,0.0;0.0;0.0
ldc2,1,double,exterior,3552.002,23.52,-99.3378382106767,3552.001953125;3485.302734375;3557.958984375,8288.0;8288.0;8288.0,24.33319091796875;23.5198974609375;23.17962646484375,0.0;0.0;0.0
ldc2,1,double,hole,327725.0,42142.188,-87.14099076970021,327725.0;398934.375;271729.6875,24832.0;24832.0;24832.0,50604.6875;42142.1875;41298.4375,24832.0;24832.0;24832.0
ldc2,1,double,hole-reversed,44221.875,67959.375,53.67818528725885,75671.875;39153.125;44221.875,24832.0;24832.0;24832.0,67936.71875;67959.375;68006.25,24832.0;24832.0;24832.0
ldc2,1,double,interior,7096.094,12205.664,72.00538775275524,7291.50390625;7038.18359375;7096.09375,8336.0;8336.0;8336.0,12161.1328125;12205.6640625;12895.1171875,8336.0;8336.0;8336.0
ldc2,1,double,isolated-tangent,8037.109,11905.273,48.12879855181755,8037.109375;8419.140625;7388.76953125,16480.0;16480.0;16480.0,11864.453125;12119.3359375;11905.2734375,16480.0;16480.0;16480.0
ldc2,1,double,large-finite,38631.25,37708.594,-2.3883669309173294,39036.328125;35548.046875;38631.25,16560.0;16560.0;16560.0,35248.046875;41623.828125;37708.59375,16560.0;16560.0;16560.0
ldc2,1,double,rational-crossing,19330.469,30089.062,55.65614057268864,22172.65625;19330.46875;18825.390625,16560.0;16560.0;16560.0,31060.15625;30089.0625;30033.59375,16560.0;16560.0;16560.0
ldc2,1,double,sparse-1,16767.773,29999.219,78.90997808713178,16767.7734375;16800.9765625;16761.1328125,16560.0;16560.0;16560.0,29999.21875;29771.875;34615.234375,16560.0;16560.0;16560.0
ldc2,1,double,sparse-16,46217.188,51049.219,10.455051917048696,44846.09375;47517.96875;46217.1875,16560.0;16560.0;16560.0,51049.21875;53140.625;50172.65625,16560.0;16560.0;16560.0
ldc2,1,double,sparse-4,25152.734,25861.719,2.818719428273675,25152.734375;26160.546875;23687.109375,16560.0;16560.0;16560.0,31673.828125;23682.421875;25861.71875,16560.0;16560.0;16560.0
ldc2,1,double,sparse-64,135740.625,133314.062,-1.7876468448557614,123462.5;135740.625;148128.125,16560.0;16560.0;16560.0,130509.375;136440.625;133314.0625,16560.0;16560.0;16560.0
ldc2,1,double,subnormal,32166.797,27152.344,-15.588909893639702,31096.484375;34154.296875;32166.796875,16560.0;16560.0;16560.0,26843.75;28809.375;27152.34375,16560.0;16560.0;16560.0
ldc2,1,float,boundary-only,13082.812,13635.156,4.221905810463378,13806.0546875;13082.8125;13063.4765625,20624.0;20624.0;20624.0,13458.984375;14450.390625;13635.15625,20624.0;20624.0;20624.0
ldc2,1,float,boundary-overlap,15437.5,23274.023,50.7629020242915,15599.4140625;15437.5;14487.6953125,20656.0;20656.0;20656.0,23274.0234375;27126.953125;16316.015625,20656.0;20656.0;20656.0
ldc2,1,float,concave-u,40835.156,44836.719,9.799308713305743,39616.40625;40835.15625;42046.09375,24832.0;24832.0;24832.0,39553.125;44836.71875;46949.21875,24832.0;24832.0;24832.0
ldc2,1,float,crossing,18655.469,18665.625,0.05443979993211556,19118.75;17657.8125;18655.46875,16560.0;16560.0;16560.0,19352.34375;18665.625;18455.46875,16560.0;16560.0;16560.0
ldc2,1,float,degenerate-boundary,4.646,2.769,-40.40034438226431,4.8614501953125;4.64630126953125;4.06036376953125,0.0;0.0;0.0,3.21197509765625;2.76947021484375;2.7069091796875,0.0;0.0;0.0
ldc2,1,float,degenerate-interior,4.285,2.707,-36.826137689614946,4.28466796875;4.156494140625;9.31549072265625,0.0;0.0;0.0,2.7069091796875;4.68292236328125;2.7069091796875,0.0;0.0;0.0
ldc2,1,float,dense-1,16512.891,19746.094,19.57987247660027,16304.8828125;16512.890625;16834.5703125,16560.0;16560.0;16560.0,19303.90625;19746.09375;22485.546875,16560.0;16560.0;16560.0
ldc2,1,float,dense-16,395868.75,685812.5,73.24239410158037,392193.75;417362.5;395868.75,145008.0;145008.0;145008.0,677400.0;685812.5;720550.0,145008.0;145008.0;145008.0
ldc2,1,float,dense-4,84353.125,147260.938,74.57674271107324,84353.125;84006.25;88882.8125,41360.0;41360.0;41360.0,160237.5;145859.375;147260.9375,41360.0;41360.0;41360.0
ldc2,1,float,dense-64,1809375.0,3091800.0,70.87668393782383,1807025.0;1809375.0;1836825.0,556032.0;556032.0;556032.0,3284150.0;3091800.0;1782450.0,556032.0;556032.0;556032.0
ldc2,1,float,empty,4.06,2.707,-33.32512315270936,4.2938232421875;4.06036376953125;4.06036376953125,0.0;0.0;0.0,2.7069091796875;2.7069091796875;3.2867431640625,0.0;0.0;0.0
ldc2,1,float,exterior,4109.375,26.028,-99.36661901140684,76637.5;4109.375;3303.125,8288.0;8288.0;8288.0,26.6204833984375;24.53765869140625;26.0284423828125,0.0;0.0;0.0
ldc2,1,float,hole,41092.188,98037.5,138.57941076294108,39956.25;41092.1875;42137.5,24832.0;24832.0;24832.0,174706.25;98037.5;90606.25,24832.0;24832.0;24832.0
ldc2,1,float,hole-reversed,46449.219,41846.875,-9.9083345190368,45168.75;46449.21875;46620.3125,24832.0;24832.0;24832.0,43668.75;41684.375;41846.875,24832.0;24832.0;24832.0
ldc2,1,float,interior,6876.074,8389.844,22.015033578754384,7037.59765625;6876.07421875;6840.13671875,8336.0;8336.0;8336.0,9818.5546875;8373.4375;8389.84375,8336.0;8336.0;8336.0
ldc2,1,float,isolated-tangent,6486.816,7896.387,21.72978237705525,6329.39453125;6486.81640625;7023.4375,16480.0;16480.0;16480.0,7136.328125;7896.38671875;8479.8828125,16480.0;16480.0;16480.0
ldc2,1,float,large-finite,19420.312,32530.859,67.50945607876947,20131.640625;19420.3125;17734.375,16560.0;16560.0;16560.0,32530.859375;34513.671875;32521.09375,16560.0;16560.0;16560.0
ldc2,1,float,rational-crossing,20009.961,18995.312,-5.0707195281390005,20009.9609375;19614.453125;21865.0390625,16560.0;16560.0;16560.0,21432.03125;18272.65625;18995.3125,16560.0;16560.0;16560.0
ldc2,1,float,sparse-1,22898.828,19191.797,-16.18873682094124,31336.328125;22153.515625;22898.828125,16560.0;16560.0;16560.0,19191.796875;17905.46875;22475.0,16560.0;16560.0;16560.0
ldc2,1,float,sparse-16,42171.875,73623.438,74.57947506483882,42840.625;41192.1875;42171.875,16560.0;16560.0;16560.0,88680.46875;66235.15625;73623.4375,16560.0;16560.0;16560.0
ldc2,1,float,sparse-4,21811.328,30592.188,40.25825479310565,21811.328125;21759.375;21888.671875,16560.0;16560.0;16560.0,27609.375;44984.375;30592.1875,16560.0;16560.0;16560.0
ldc2,1,float,sparse-64,122925.0,130314.062,6.011032743542821,121393.75;122925.0;124645.3125,16560.0;16560.0;16560.0,130314.0625;158112.5;129845.3125,16560.0;16560.0;16560.0
ldc2,1,float,subnormal,16919.727,22294.922,31.76880454395039,16919.7265625;16558.7890625;17772.265625,16560.0;16560.0;16560.0,21704.6875;22294.921875;24134.375,16560.0;16560.0;16560.0
ldc2,1,int,boundary-only,11102.539,10796.094,-2.76013441610069,11102.5390625;11154.8828125;10774.8046875,20624.0;20624.0;20624.0,11492.578125;10796.09375;10290.625,20624.0;20624.0;20624.0
ldc2,1,int,boundary-overlap,12196.484,12299.219,0.8423329215206499,12833.3984375;12196.484375;11531.4453125,20656.0;20656.0;20656.0,11890.4296875;12299.21875;13041.2109375,20656.0;20656.0;20656.0
ldc2,1,int,concave-u,37964.844,45312.5,19.35384220201195,40046.484375;37964.84375;36305.859375,24832.0;24832.0;24832.0,42881.25;45312.5;48803.90625,24832.0;24832.0;24832.0
ldc2,1,int,crossing,16217.383,18659.766,15.060278221214851,16387.890625;16164.6484375;16217.3828125,16560.0;16560.0;16560.0,18044.921875;20325.78125;18659.765625,16560.0;16560.0;16560.0
ldc2,1,int,degenerate-boundary,3.902,2.165,-44.515633008713486,3.90167236328125;4.1961669921875;3.84979248046875,0.0;0.0;0.0,2.166748046875;2.16522216796875;2.16522216796875,0.0;0.0;0.0
ldc2,1,int,degenerate-interior,4.167,2.98,-28.485721142308616,4.16717529296875;3.826904296875;6.01348876953125,0.0;0.0;0.0,2.16522216796875;3.6102294921875;2.98004150390625,0.0;0.0;0.0
ldc2,1,int,dense-1,15603.711,23232.812,48.892862729898056,15603.7109375;15393.5546875;16060.9375,16560.0;16560.0;16560.0,19776.5625;25761.328125;23232.8125,16560.0;16560.0;16560.0
ldc2,1,int,dense-16,415693.75,460975.0,10.892935003232541,415693.75;430818.75;399487.5,145008.0;145008.0;145008.0,460975.0;560987.5;437456.25,145008.0;145008.0;145008.0
ldc2,1,int,dense-4,83573.438,102153.125,22.231569556824994,82150.0;83573.4375;86181.25,41360.0;41360.0;41360.0,96817.1875;102153.125;106912.5,41360.0;41360.0;41360.0
ldc2,1,int,dense-64,1858575.0,2723325.0,46.527581614946946,1858575.0;1906825.0;1851575.0,556032.0;556032.0;556032.0,2212225.0;3128050.0;2723325.0,556032.0;556032.0;556032.0
ldc2,1,int,empty,3.906,2.165,-44.57245263696876,3.90625;4.43267822265625;3.826904296875,0.0;0.0;0.0,2.16522216796875;2.42156982421875;2.16522216796875,0.0;0.0;0.0
ldc2,1,int,exterior,2582.08,11.061,-99.57162442681869,2644.287109375;2567.822265625;2582.080078125,8288.0;8288.0;8288.0,10.61248779296875;12.07427978515625;11.06109619140625,0.0;0.0;0.0
ldc2,1,int,hole,35888.281,40648.438,13.26382001968831,37210.9375;35888.28125;35871.09375,24832.0;24832.0;24832.0,39219.53125;40648.4375;87660.9375,24832.0;24832.0;24832.0
ldc2,1,int,hole-reversed,35992.188,45153.125,25.45257043000553,35992.1875;36828.515625;35970.3125,24832.0;24832.0;24832.0,46178.90625;42928.90625;45153.125,24832.0;24832.0;24832.0
ldc2,1,int,interior,6562.012,8787.598,33.916213502809825,6562.01171875;6089.94140625;6965.625,8336.0;8336.0;8336.0,6247.0703125;8787.59765625;8815.625,8336.0;8336.0;8336.0
ldc2,1,int,isolated-tangent,4872.51,5876.758,20.610486176529143,4872.509765625;4806.15234375;5162.6953125,16480.0;16480.0;16480.0,5029.78515625;5876.7578125;7645.3125,16480.0;16480.0;16480.0
ldc2,1,int,rational-crossing,15893.164,16014.062,0.760691829518656,16448.828125;15893.1640625;15824.609375,16560.0;16560.0;16560.0,17039.84375;15843.359375;16014.0625,16560.0;16560.0;16560.0
ldc2,1,int,sparse-1,15858.789,18286.914,15.3109105619603,15858.7890625;15892.578125;15775.0,16560.0;16560.0;16560.0,17343.75;19738.28125;18286.9140625,16560.0;16560.0;16560.0
ldc2,1,int,sparse-16,35837.891,42234.375,17.84838287498558,34438.671875;36983.984375;35837.890625,16560.0;16560.0;16560.0,45485.9375;41335.9375;42234.375,16560.0;16560.0;16560.0
ldc2,1,int,sparse-4,19598.828,26425.781,34.83347575681566,19598.828125;19585.546875;20540.625,16560.0;16560.0;16560.0,27627.734375;26425.78125;25640.625,16560.0;16560.0;16560.0
ldc2,1,int,sparse-64,207709.375,112310.938,-45.928806535574054,296125.0;207709.375;183781.25,16560.0;16560.0;16560.0,117735.9375;107210.9375;112310.9375,16560.0;16560.0;16560.0
ldc2,1,int,wide-integral,17988.477,21892.578,21.7033437572286,17988.4765625;18602.1484375;17683.59375,16560.0;16560.0;16560.0,28550.78125;21892.578125;20407.8125,16560.0;16560.0;16560.0
ldc2,1,long,boundary-only,13497.461,15126.562,12.069684809609749,13280.46875;13497.4609375;18398.6328125,20624.0;20624.0;20624.0,28758.59375;12385.9375;15126.5625,20624.0;20624.0;20624.0
ldc2,1,long,boundary-overlap,13845.898,20233.008,46.12998015730003,13845.8984375;14151.953125;13066.796875,20656.0;20656.0;20656.0,20183.0078125;20233.0078125;20333.7890625,20656.0;20656.0;20656.0
ldc2,1,long,concave-u,50977.344,46766.016,-8.261175788208963,50977.34375;55303.125;40561.71875,24832.0;24832.0;24832.0,46766.015625;45007.421875;48959.375,24832.0;24832.0;24832.0
ldc2,1,long,crossing,19322.656,23971.875,24.060972777241396,18275.78125;19322.65625;21120.703125,16560.0;16560.0;16560.0,21109.375;26904.6875;23971.875,16560.0;16560.0;16560.0
ldc2,1,long,degenerate-boundary,4.071,10.567,159.56767379022355,4.06036376953125;4.071044921875;4.48760986328125,0.0;0.0;0.0,11.4105224609375;10.56671142578125;10.4522705078125,0.0;0.0;0.0
ldc2,1,long,degenerate-interior,4.068,10.332,153.9823008849558,4.29840087890625;4.0679931640625;4.0618896484375,0.0;0.0;0.0,10.33172607421875;11.3128662109375;10.2813720703125,0.0;0.0;0.0
ldc2,1,long,dense-1,17647.461,18763.281,6.32283590256979,17647.4609375;17882.03125;17457.2265625,16560.0;16560.0;16560.0,20561.328125;18624.609375;18763.28125,16560.0;16560.0;16560.0
ldc2,1,long,dense-16,402712.5,440593.75,9.406524505695746,403887.5;402712.5;394493.75,145008.0;145008.0;145008.0,463818.75;440593.75;438618.75,145008.0;145008.0;145008.0
ldc2,1,long,dense-4,86564.062,91912.5,6.178589447431415,82114.0625;86564.0625;86754.6875,41360.0;41360.0;41360.0,101575.0;86254.6875;91912.5,41360.0;41360.0;41360.0
ldc2,1,long,dense-64,1897400.0,1984425.0,4.58653947507115,1863050.0;1897400.0;1934625.0,556032.0;556032.0;556032.0,2078650.0;1943450.0;1984425.0,556032.0;556032.0;556032.0
ldc2,1,long,empty,4.066,10.565,159.83767830791936,4.06646728515625;35.73150634765625;4.058837890625,0.0;0.0;0.0,10.565185546875;10.479736328125;11.07940673828125,0.0;0.0;0.0
ldc2,1,long,endpoint-collapse,13647.266,16045.117,17.57019318008457,13174.609375;13647.265625;18480.6640625,16528.0;16528.0;16528.0,16249.609375;16045.1171875;15468.359375,16528.0;16528.0;16528.0
ldc2,1,long,exterior,3140.186,28.96,-99.07776163577572,3137.79296875;3140.185546875;3174.90234375,8288.0;8288.0;8288.0,28.95965576171875;32.71331787109375;27.08740234375,0.0;0.0;0.0
ldc2,1,long,gap-collapse,36502.344,44125.0,20.882647974606794,36481.25;36753.515625;36502.34375,24800.0;24800.0;24800.0,51310.9375;43604.6875;44125.0,24800.0;24800.0;24800.0
ldc2,1,long,hole,55310.938,61252.344,10.741828316127977,55310.9375;62480.46875;55228.90625,24832.0;24832.0;24832.0,51253.90625;62125.0;61252.34375,24832.0;24832.0;24832.0
ldc2,1,long,hole-reversed,47496.875,54108.594,13.92032423185736,52036.71875;47496.875;46760.15625,24832.0;24832.0;24832.0,40335.15625;54108.59375;100542.96875,24832.0;24832.0;24832.0
ldc2,1,long,interior,6705.859,57910.156,763.5755091182202,6842.28515625;6694.62890625;6705.859375,8336.0;8336.0;8336.0,47332.8125;57910.15625;93666.40625,8336.0;8336.0;8336.0
ldc2,1,long,isolated-tangent,6126.953,5747.363,-6.195412303636083,6126.953125;5899.90234375;6384.765625,16480.0;16480.0;16480.0,5747.36328125;5677.5390625;5784.08203125,16480.0;16480.0;16480.0
ldc2,1,long,rational-crossing,20379.492,17001.562,-16.575143286201623,20379.4921875;20241.40625;21011.328125,16560.0;16560.0;16560.0,17001.5625;16600.0;17522.0703125,16560.0;16560.0;16560.0
ldc2,1,long,sparse-1,18176.562,16114.258,-11.34595200126406,17325.390625;18176.5625;18641.6015625,16560.0;16560.0;16560.0,16092.578125;16114.2578125;16139.84375,16560.0;16560.0;16560.0
ldc2,1,long,sparse-16,52474.219,37917.188,-27.74130092341155,52474.21875;50396.09375;81428.125,16560.0;16560.0;16560.0,39492.96875;37917.1875;37784.375,16560.0;16560.0;16560.0
ldc2,1,long,sparse-4,25911.719,20837.109,-19.584227507252606,24285.15625;25911.71875;27337.890625,16560.0;16560.0;16560.0,21045.703125;20837.109375;20800.0,16560.0;16560.0;16560.0
ldc2,1,long,sparse-64,117471.875,108225.0,-7.871565002261183,118728.125;117003.125;117471.875,16560.0;16560.0;16560.0,109001.5625;108206.25;108225.0,16560.0;16560.0;16560.0
ldc2,1,long,wide-integral,19438.086,21798.828,12.144930318756696,19667.7734375;19438.0859375;19015.234375,16560.0;16560.0;16560.0,21798.828125;21841.796875;20908.984375,16560.0;16560.0;16560.0
