block,scalar,case,base_median_ns,candidate_median_ns,base_over_candidate,base_ns_per_call_rounds,base_gc_bytes_per_call_rounds,candidate_ns_per_call_rounds,candidate_gc_bytes_per_call_rounds
0,double,boundary-only,21047.461,14882.227,1.4142682409023863,21228.90625;21016.6015625;21118.5546875;21033.3984375;20879.8828125;21047.4609375;21591.2109375,20624.0;20624.0;20624.0;20624.0;20624.0;20624.0;20624.0,14582.71484375;14948.046875;14550.9765625;14882.2265625;14674.0234375;15409.9609375;15946.77734375,20624.0;20624.0;20624.0;20624.0;20624.0;20624.0;20624.0
0,double,boundary-overlap,22650.0,14077.539,1.6089459954612806,23015.234375;22503.90625;22650.0;22675.78125;22608.7890625;22754.1015625;22595.3125,20656.0;20656.0;20656.0;20656.0;20656.0;20656.0;20656.0,14687.3046875;13563.8671875;13777.24609375;13772.0703125;14935.83984375;14077.5390625;15127.44140625,20656.0;20656.0;20656.0;20656.0;20656.0;20656.0;20656.0
0,double,concave-u,51998.438,49027.344,1.0606007537344875,184862.5;228085.9375;280265.625;51998.4375;46178.125;45462.5;46662.5,24832.0;24832.0;24832.0;24832.0;24832.0;24832.0;24832.0,43433.59375;49027.34375;40216.40625;47538.671875;49992.96875;54121.484375;51773.4375,24832.0;24832.0;24832.0;24832.0;24832.0;24832.0;24832.0
0,double,crossing,21998.438,17530.469,1.254868765918356,28556.0546875;21998.4375;19480.46875;19865.52734375;22956.0546875;21712.79296875;22442.578125,16560.0;16560.0;16560.0;16560.0;16560.0;16560.0;16560.0,23500.0;17530.46875;17465.625;17409.765625;17263.0859375;18764.0625;18648.828125,16560.0;16560.0;16560.0;16560.0;16560.0;16560.0;16560.0
0,double,degenerate-boundary,6.749,4.567,1.4777753448653381,6.87408447265625;6.47735595703125;7.470703125;6.49871826171875;11.10992431640625;6.74896240234375;6.48345947265625,0.0;0.0;0.0;0.0;0.0;0.0;0.0,3.79486083984375;3.79486083984375;3.7933349609375;6.47125244140625;4.88128662109375;5.16815185546875;4.56695556640625,0.0;0.0;0.0;0.0;0.0;0.0;0.0
0,double,degenerate-interior,4.439,4.092,1.0847996089931575,4.3182373046875;4.315185546875;4.93621826171875;6.1859130859375;3.5980224609375;4.43878173828125;5.1116943359375,0.0;0.0;0.0;0.0;0.0;0.0;0.0,5.14068603515625;3.79486083984375;4.0924072265625;5.084228515625;3.79486083984375;4.22515869140625;3.79638671875,0.0;0.0;0.0;0.0;0.0;0.0;0.0
0,double,dense-1,21261.719,20575.195,1.0333665853470648,22194.3359375;35389.6484375;21261.71875;20371.484375;20162.5;21402.1484375;20177.34375,16560.0;16560.0;16560.0;16560.0;16560.0;16560.0;16560.0,20198.4375;22547.265625;22080.078125;24591.40625;20575.1953125;20358.984375;19978.125,16560.0;16560.0;16560.0;16560.0;16560.0;16560.0;16560.0
0,double,dense-16,390612.5,409025.0,0.954984414155614,694962.5;619106.25;385156.25;386718.75;385093.75;395712.5;390612.5,145008.0;145008.0;145008.0;145008.0;145008.0;145008.0;145008.0,397740.625;470500.0;414296.875;401871.875;409025.0;423928.125;405090.625,145008.0;145008.0;145008.0;145008.0;145008.0;145008.0;145008.0
0,double,dense-4,89793.75,102217.969,0.8784536699217728,87784.375;89793.75;89539.84375;102535.15625;90557.8125;88303.90625;95808.59375,41360.0;41360.0;41360.0;41360.0;41360.0;41360.0;41360.0,110542.96875;113455.46875;100203.125;100344.53125;102217.96875;100586.71875;102935.9375,41360.0;41360.0;41360.0;41360.0;41360.0;41360.0;41360.0
0,double,dense-64,1839400.0,1958525.0,0.9391761657369704,1886550.0;1824925.0;1823850.0;1840225.0;1839400.0;1815175.0;1851625.0,556032.0;556032.0;556032.0;556032.0;556032.0;556032.0;556032.0,1922387.5;1958525.0;2007937.5;2052025.0;2047250.0;1939737.5;1925850.0,556032.0;556032.0;556032.0;556032.0;556032.0;556032.0;556032.0
0,double,empty,6.79,4.683,1.4499252615844545,6.49871826171875;6.74896240234375;7.06787109375;6.7901611328125;6.964111328125;7.18536376953125;6.4727783203125,0.0;0.0;0.0;0.0;0.0;0.0;0.0,4.71649169921875;4.78973388671875;4.150390625;4.53643798828125;5.20172119140625;4.68292236328125;4.0618896484375,0.0;0.0;0.0;0.0;0.0;0.0;0.0
0,double,exterior,4302.49,16.19,265.7498455836936,5904.8828125;4253.662109375;4490.4296875;4136.474609375;4302.490234375;4357.91015625;4194.580078125,8288.0;8288.0;8288.0;8288.0;8288.0;8288.0;8288.0,15.2313232421875;18.8934326171875;18.48602294921875;15.76385498046875;17.0745849609375;15.32440185546875;16.1895751953125,0.0;0.0;0.0;0.0;0.0;0.0;0.0
0,double,hole,65106.25,41345.312,1.574694852949713,66303.90625;66046.875;66537.5;65106.25;43766.40625;51642.1875;63721.875,24832.0;24832.0;24832.0;24832.0;24832.0;24832.0;24832.0,40114.453125;41773.046875;39136.71875;42128.515625;39978.125;41345.3125;42544.921875,24832.0;24832.0;24832.0;24832.0;24832.0;24832.0;24832.0
0,double,hole-reversed,47017.969,41678.516,1.12811043944079,43410.15625;61728.90625;61508.984375;43742.96875;43037.890625;48401.5625;47017.96875,24832.0;24832.0;24832.0;24832.0;24832.0;24832.0;24832.0,40158.984375;42890.625;41489.84375;42398.828125;42260.9375;41678.515625;40185.15625,24832.0;24832.0;24832.0;24832.0;24832.0;24832.0;24832.0
0,double,interior,11841.504,7987.598,1.4824862242691734,12112.6953125;11848.4375;11702.34375;11940.72265625;11841.50390625;9272.36328125;8445.01953125,8336.0;8336.0;8336.0;8336.0;8336.0;8336.0;8336.0,7839.404296875;7987.59765625;7715.185546875;7956.396484375;9010.986328125;9232.470703125;8408.056640625,8336.0;8336.0;8336.0;8336.0;8336.0;8336.0;8336.0
0,double,isolated-tangent,7001.123,7651.123,0.9150451508883075,7080.615234375;6999.853515625;7001.123046875;7035.44921875;7323.2421875;6972.0703125;6844.189453125,16480.0;16480.0;16480.0;16480.0;16480.0;16480.0;16480.0,7157.763671875;8332.861328125;9767.3828125;7402.685546875;8211.181640625;7435.791015625;7651.123046875,16480.0;16480.0;16480.0;16480.0;16480.0;16480.0;16480.0
0,double,large-finite,36211.523,31999.414,1.1316308167393316,33368.1640625;35278.90625;39207.03125;36081.8359375;36211.5234375;42339.84375;37213.4765625,16560.0;16560.0;16560.0;16560.0;16560.0;16560.0;16560.0,33754.1015625;33434.375;31851.7578125;34671.2890625;31999.4140625;31147.8515625;31784.765625,16560.0;16560.0;16560.0;16560.0;16560.0;16560.0;16560.0
0,double,rational-crossing,29460.938,18107.52,1.6270001634679956,29460.9375;29470.1171875;29544.3359375;29477.5390625;29409.1796875;25335.15625;17326.5625,16560.0;16560.0;16560.0;16560.0;16560.0;16560.0;16560.0,18485.546875;18521.09375;22014.55078125;17552.34375;17124.31640625;17485.3515625;18107.51953125,16560.0;16560.0;16560.0;16560.0;16560.0;16560.0;16560.0
0,double,sparse-1,24353.32,18753.32,1.2986137921178758,29450.1953125;29331.0546875;27196.6796875;22698.4375;19194.140625;20719.140625;24353.3203125,16560.0;16560.0;16560.0;16560.0;16560.0;16560.0;16560.0,18342.7734375;18476.953125;17461.71875;19902.1484375;18753.3203125;19014.0625;20029.296875,16560.0;16560.0;16560.0;16560.0;16560.0;16560.0;16560.0
0,double,sparse-16,51493.359,49146.484,1.0477526530687322,72584.375;51493.359375;51167.96875;73919.921875;65868.359375;45957.03125;45488.28125,16560.0;16560.0;16560.0;16560.0;16560.0;16560.0;16560.0,44657.03125;42624.21875;46996.09375;81293.359375;178203.90625;53568.359375;49146.484375,16560.0;16560.0;16560.0;16560.0;16560.0;16560.0;16560.0
0,double,sparse-4,36552.539,23446.68,1.5589643821641272,24696.09375;24514.0625;25057.6171875;36552.5390625;38267.96875;38495.5078125;38839.453125,16560.0;16560.0;16560.0;16560.0;16560.0;16560.0;16560.0,23486.5234375;22658.3984375;22878.90625;22803.7109375;23446.6796875;23709.765625;23933.7890625,16560.0;16560.0;16560.0;16560.0;16560.0;16560.0;16560.0
0,double,sparse-64,137810.938,127461.719,1.0811947232564783,137810.9375;127174.21875;132878.90625;133666.40625;169229.6875;155487.5;141751.5625,16560.0;16560.0;16560.0;16560.0;16560.0;16560.0;16560.0,127461.71875;152294.53125;125455.46875;125439.0625;138392.1875;132105.46875;125460.9375,16560.0;16560.0;16560.0;16560.0;16560.0;16560.0;16560.0
0,double,subnormal,25955.273,25062.695,1.0356138076930674,35581.8359375;32003.7109375;25402.9296875;25175.390625;25955.2734375;25248.4375;26043.75,16560.0;16560.0;16560.0;16560.0;16560.0;16560.0;16560.0,25062.6953125;24652.9296875;24943.1640625;28643.5546875;25794.921875;25785.7421875;25037.6953125,16560.0;16560.0;16560.0;16560.0;16560.0;16560.0;16560.0
0,float,boundary-only,18417.773,15982.422,1.152376842508601,17558.30078125;15094.82421875;20643.359375;53012.98828125;48916.2109375;14569.140625;18417.7734375,20624.0;20624.0;20624.0;20624.0;20624.0;20624.0;20624.0,15227.5390625;15982.421875;14578.02734375;18933.10546875;17497.16796875;14083.59375;17621.484375,20624.0;20624.0;20624.0;20624.0;20624.0;20624.0;20624.0
0,float,boundary-overlap,14787.305,14909.375,0.9918125340599455,22440.0390625;19582.8125;13562.5;13585.9375;14702.9296875;15134.5703125;14787.3046875,20656.0;20656.0;20656.0;20656.0;20656.0;20656.0;20656.0,15216.30859375;14963.0859375;15867.3828125;14909.375;14701.07421875;14605.17578125;14756.15234375,20656.0;20656.0;20656.0;20656.0;20656.0;20656.0;20656.0
0,float,concave-u,67382.422,42024.414,1.603411340845824,67513.28125;66877.34375;67434.765625;67369.140625;67382.421875;67462.109375;67195.703125,24832.0;24832.0;24832.0;24832.0;24832.0;24832.0;24832.0,38823.828125;41230.2734375;42305.859375;42024.4140625;41491.6015625;42732.03125;42644.53125,24832.0;24832.0;24832.0;24832.0;24832.0;24832.0;24832.0
0,float,crossing,29037.793,25048.633,1.159256594960691,29832.8125;30079.19921875;20046.97265625;17941.40625;17884.66796875;29037.79296875;29564.74609375,16560.0;16560.0;16560.0;16560.0;16560.0;16560.0;16560.0,19279.8828125;19444.53125;21053.125;26840.625;25048.6328125;26176.5625;25118.5546875,16560.0;16560.0;16560.0;16560.0;16560.0;16560.0;16560.0
0,float,degenerate-boundary,4.803,3.976,1.2079979879275653,4.06036376953125;4.06036376953125;4.4830322265625;5.53741455078125;5.24139404296875;7.1441650390625;4.803466796875,0.0;0.0;0.0;0.0;0.0;0.0;0.0,3.78875732421875;3.78875732421875;3.9764404296875;5.47332763671875;3.78875732421875;5.01556396484375;4.80804443359375,0.0;0.0;0.0;0.0;0.0;0.0;0.0
0,float,degenerate-interior,5.293,4.568,1.1587127845884415,4.93011474609375;4.06036376953125;4.06036376953125;5.52520751953125;6.77642822265625;5.29327392578125;5.584716796875,0.0;0.0;0.0;0.0;0.0;0.0;0.0,7.69500732421875;3.78875732421875;4.27398681640625;4.5684814453125;5.31158447265625;4.95452880859375;4.38690185546875,0.0;0.0;0.0;0.0;0.0;0.0;0.0
0,float,dense-1,29729.102,23604.883,1.2594471237158853,21817.7734375;35573.2421875;29990.8203125;29736.71875;29729.1015625;29555.46875;29590.4296875,16560.0;16560.0;16560.0;16560.0;16560.0;16560.0;16560.0,22361.81640625;23604.8828125;26202.34375;21669.23828125;30768.359375;22300.68359375;26712.01171875,16560.0;16560.0;16560.0;16560.0;16560.0;16560.0;16560.0
0,float,dense-16,718162.5,470156.25,1.5274975074775674,703400.0;699225.0;716912.5;720287.5;718743.75;720837.5;718162.5,145008.0;145008.0;145008.0;145008.0;145008.0;145008.0;145008.0,914237.5;432356.25;470156.25;463175.0;482918.75;466818.75;599143.75,145008.0;145008.0;145008.0;145008.0;145008.0;145008.0;145008.0
0,float,dense-4,89300.781,104496.094,0.8545848708947916,93307.8125;89102.34375;89300.78125;92389.0625;85334.375;89341.40625;86960.9375,41360.0;41360.0;41360.0;41360.0;41360.0;41360.0;41360.0,113256.25;103579.6875;94494.53125;104496.09375;98418.75;108466.40625;112515.625,41360.0;41360.0;41360.0;41360.0;41360.0;41360.0;41360.0
0,float,dense-64,3294950.0,2084450.0,1.580728729401041,3302025.0;3259025.0;3288500.0;3278000.0;3311700.0;3294950.0;3299025.0,556032.0;556032.0;556032.0;556032.0;556032.0;556032.0;556032.0,2237775.0;2186700.0;2363025.0;1973050.0;2070200.0;2084450.0;2072725.0,556032.0;556032.0;556032.0;556032.0;556032.0;556032.0;556032.0
0,float,empty,5.554,4.062,1.3673067454455934,4.06036376953125;4.31671142578125;5.55419921875;6.17523193359375;4.25262451171875;13.8946533203125;6.0821533203125,0.0;0.0;0.0;0.0;0.0;0.0;0.0,3.78875732421875;4.06036376953125;5.73883056640625;6.964111328125;4.5196533203125;4.058837890625;4.0618896484375,0.0;0.0;0.0;0.0;0.0;0.0;0.0
0,float,exterior,5668.799,39.412,143.8343397949863,5668.798828125;5668.7744140625;5638.6474609375;5635.6201171875;5676.953125;5713.57421875;5730.5419921875,8288.0;8288.0;8288.0;8288.0;8288.0;8288.0;8288.0,33.97674560546875;27.43682861328125;39.41192626953125;31.536865234375;49.737548828125;45.5657958984375;45.76873779296875,0.0;0.0;0.0;0.0;0.0;0.0;0.0
0,float,hole,45032.617,48484.375,0.9288067960038672,45357.03125;45032.6171875;44163.4765625;42694.921875;69729.1015625;46823.4375;43519.140625,24832.0;24832.0;24832.0;24832.0;24832.0;24832.0;24832.0,50399.609375;45448.046875;44231.640625;48969.921875;47717.1875;48484.375;49753.125,24832.0;24832.0;24832.0;24832.0;24832.0;24832.0;24832.0
0,float,hole-reversed,38984.766,47870.703,0.8143763002603075,67019.921875;67251.953125;41389.0625;37730.46875;37641.40625;38501.171875;38984.765625,24832.0;24832.0;24832.0;24832.0;24832.0;24832.0;24832.0,40473.046875;42187.890625;45263.28125;50123.4375;47870.703125;52406.25;51095.703125,24832.0;24832.0;24832.0;24832.0;24832.0;24832.0;24832.0
0,float,interior,11939.258,8823.633,1.353100021272417,11939.2578125;12067.578125;11991.40625;11939.84375;11820.01953125;11861.62109375;11909.08203125,8336.0;8336.0;8336.0;8336.0;8336.0;8336.0;8336.0,8339.013671875;9453.90625;9054.736328125;8440.13671875;8823.6328125;8307.177734375;9294.43359375,8336.0;8336.0;8336.0;8336.0;8336.0;8336.0;8336.0
0,float,isolated-tangent,11129.199,7310.986,1.5222569158250339,11268.359375;11129.19921875;11125.09765625;11334.86328125;11206.34765625;10829.8828125;9336.71875,16480.0;16480.0;16480.0;16480.0;16480.0;16480.0;16480.0,7250.048828125;7310.986328125;7176.220703125;7210.83984375;8418.017578125;8526.26953125;8220.849609375,16480.0;16480.0;16480.0;16480.0;16480.0;16480.0;16480.0
0,float,large-finite,23622.852,23759.57,0.9942457712828978,24498.2421875;23622.8515625;23384.765625;24759.375;24558.7890625;21964.84375;23029.8828125,16560.0;16560.0;16560.0;16560.0;16560.0;16560.0;16560.0,25957.421875;22918.359375;23759.5703125;24358.3984375;22719.3359375;24493.5546875;21817.1875,16560.0;16560.0;16560.0;16560.0;16560.0;16560.0;16560.0
0,float,rational-crossing,19175.195,20819.922,0.921002249672213,18214.84375;19597.265625;19516.6015625;18325.9765625;19175.1953125;19826.171875;18750.9765625,16560.0;16560.0;16560.0;16560.0;16560.0;16560.0;16560.0,19652.1484375;22299.8046875;118963.28125;20819.921875;19496.875;20308.0078125;20932.6171875,16560.0;16560.0;16560.0;16560.0;16560.0;16560.0;16560.0
0,float,sparse-1,30646.094,21680.078,1.4135601357153789,29436.71875;29411.9140625;30646.09375;29567.1875;37473.6328125;136585.3515625;50891.015625,16560.0;16560.0;16560.0;16560.0;16560.0;16560.0;16560.0,21680.078125;20927.34375;20610.3515625;22781.640625;22450.9765625;21581.640625;26324.609375,16560.0;16560.0;16560.0;16560.0;16560.0;16560.0;16560.0
0,float,sparse-16,71908.984,48466.016,1.483699093401859,59449.21875;51277.34375;62305.859375;73544.921875;71908.984375;72035.9375;72025.0,16560.0;16560.0;16560.0;16560.0;16560.0;16560.0;16560.0,55817.578125;49400.0;48236.71875;56209.375;47452.34375;44710.15625;48466.015625,16560.0;16560.0;16560.0;16560.0;16560.0;16560.0;16560.0
0,float,sparse-4,28422.07,28483.203,0.9978537175050151,23739.2578125;26648.828125;28383.0078125;28853.90625;32074.609375;28422.0703125;30918.359375,16560.0;16560.0;16560.0;16560.0;16560.0;16560.0;16560.0,25926.5625;28488.0859375;26031.0546875;28483.203125;41900.390625;43266.40625;27795.3125,16560.0;16560.0;16560.0;16560.0;16560.0;16560.0;16560.0
0,float,sparse-64,140048.438,137460.156,1.0188293253501037,159334.375;152193.75;140048.4375;131567.1875;140759.375;126157.8125;127756.25,16560.0;16560.0;16560.0;16560.0;16560.0;16560.0;16560.0,147843.75;137175.0;133267.1875;137817.1875;139475.0;137460.15625;131167.1875,16560.0;16560.0;16560.0;16560.0;16560.0;16560.0;16560.0
0,float,subnormal,17759.668,18470.312,0.9615250679035633,27298.4375;23381.93359375;17525.390625;17416.30859375;17709.1796875;17759.66796875;19356.4453125,16560.0;16560.0;16560.0;16560.0;16560.0;16560.0;16560.0,17879.6875;18496.58203125;18430.76171875;18470.3125;19398.046875;20293.1640625;17986.23046875,16560.0;16560.0;16560.0;16560.0;16560.0;16560.0;16560.0
0,int,boundary-only,19095.312,11017.188,1.7332292051292946,19536.71875;19697.265625;19095.3125;19066.2109375;19013.28125;19041.9921875;19204.296875,20624.0;20624.0;20624.0;20624.0;20624.0;20624.0;20624.0,11020.3125;10733.88671875;11017.1875;10635.7421875;10963.0859375;12906.93359375;11329.6875,20624.0;20624.0;20624.0;20624.0;20624.0;20624.0;20624.0
0,int,boundary-overlap,12485.645,13504.297,0.9245683059251437,14321.19140625;14880.76171875;14788.4765625;11611.23046875;11894.23828125;11862.98828125;12485.64453125,20656.0;20656.0;20656.0;20656.0;20656.0;20656.0;20656.0,14237.59765625;13444.3359375;14654.296875;13504.296875;14427.734375;12794.43359375;13136.42578125,20656.0;20656.0;20656.0;20656.0;20656.0;20656.0;20656.0
0,int,concave-u,63041.797,58923.047,1.0699004924168296,63049.8046875;63832.6171875;63041.796875;38526.5625;63853.90625;45448.4375;40892.1875,24832.0;24832.0;24832.0;24832.0;24832.0;24832.0;24832.0,40380.078125;39118.75;42058.203125;60638.28125;58923.046875;59047.65625;59510.15625,24832.0;24832.0;24832.0;24832.0;24832.0;24832.0;24832.0
0,int,crossing,19837.695,15891.797,1.2482977853291228,19837.6953125;20602.1484375;18307.03125;21399.609375;19929.1015625;19728.90625;18482.421875,16560.0;16560.0;16560.0;16560.0;16560.0;16560.0;16560.0,15857.6171875;16053.02734375;15891.796875;15891.11328125;16606.640625;16237.109375;15804.8828125,16560.0;16560.0;16560.0;16560.0;16560.0;16560.0;16560.0
0,int,degenerate-boundary,3.932,3.955,0.9941845764854614,5.6793212890625;3.8604736328125;3.875732421875;4.3426513671875;4.02984619140625;3.90167236328125;3.93218994140625,0.0;0.0;0.0;0.0;0.0;0.0;0.0,3.4912109375;5.2490234375;3.90777587890625;3.955078125;4.4281005859375;3.4912109375;3.95965576171875,0.0;0.0;0.0;0.0;0.0;0.0;0.0
0,int,degenerate-interior,4.312,4.016,1.0737051792828687,5.11016845703125;4.3121337890625;3.84368896484375;5.120849609375;4.08172607421875;3.8360595703125;4.48150634765625,0.0;0.0;0.0;0.0;0.0;0.0;0.0,3.49273681640625;5.8746337890625;3.58428955078125;6.45904541015625;3.49273681640625;4.37164306640625;4.01611328125,0.0;0.0;0.0;0.0;0.0;0.0;0.0
0,int,dense-1,20112.598,16843.945,1.1940550743902336,18738.4765625;19381.93359375;25538.37890625;21733.984375;20112.59765625;19794.53125;61418.06640625,16560.0;16560.0;16560.0;16560.0;16560.0;16560.0;16560.0,16622.75390625;16307.51953125;16843.9453125;16411.03515625;17340.8203125;17379.296875;18474.31640625,16560.0;16560.0;16560.0;16560.0;16560.0;16560.0;16560.0
0,int,dense-16,680650.0,386221.875,1.7623289721743494,676356.25;679506.25;680650.0;683250.0;681956.25;678556.25;685581.25,145008.0;145008.0;145008.0;145008.0;145008.0;145008.0;145008.0,375959.375;388746.875;492281.25;391400.0;386221.875;385112.5;378706.25,145008.0;145008.0;145008.0;145008.0;145008.0;145008.0;145008.0
0,int,dense-4,139645.312,99237.5,1.4071828895326868,139262.5;138450.0;140459.375;140096.875;139856.25;138962.5;139645.3125,41360.0;41360.0;41360.0;41360.0;41360.0;41360.0;41360.0,100193.75;107093.75;105421.875;96668.75;97327.34375;99237.5;95596.09375,41360.0;41360.0;41360.0;41360.0;41360.0;41360.0;41360.0
0,int,dense-64,3143100.0,5500950.0,0.5713740353938865,2586475.0;3130000.0;3146375.0;3163225.0;3140375.0;3162925.0;3143100.0,556032.0;556032.0;556032.0;556032.0;556032.0;556032.0;556032.0,6154950.0;5500950.0;8476250.0;8181900.0;1982950.0;1806700.0;1992850.0,556032.0;556032.0;556032.0;556032.0;556032.0;556032.0;556032.0
0,int,empty,4.082,4.802,0.8500624739691796,3.84521484375;3.84368896484375;4.08172607421875;4.73175048828125;4.94384765625;4.974365234375;3.8726806640625,0.0;0.0;0.0;0.0;0.0;0.0;0.0,4.9957275390625;4.766845703125;4.80194091796875;4.91943359375;5.15289306640625;4.10614013671875;4.47998046875,0.0;0.0;0.0;0.0;0.0;0.0;0.0
0,int,exterior,2609.766,14.729,177.18555231176592,2698.33984375;2650.439453125;2609.765625;2516.3818359375;2645.21484375;2599.3896484375;2480.46875,8288.0;8288.0;8288.0;8288.0;8288.0;8288.0;8288.0,13.861083984375;15.83099365234375;13.41552734375;14.72930908203125;15.948486328125;14.154052734375;15.8203125,0.0;0.0;0.0;0.0;0.0;0.0;0.0
0,int,hole,63967.969,40191.406,1.5915832603616802,63967.96875;64258.59375;142630.2734375;122537.3046875;38966.796875;38931.0546875;44075.78125,24832.0;24832.0;24832.0;24832.0;24832.0;24832.0;24832.0,38786.328125;40191.40625;41016.015625;40395.3125;39345.703125;40576.953125;40157.03125,24832.0;24832.0;24832.0;24832.0;24832.0;24832.0;24832.0
0,int,hole-reversed,65183.984,38882.812,1.6764215509927625,65402.734375;64952.34375;65274.609375;65183.984375;64143.359375;63982.8125;65319.53125,24832.0;24832.0;24832.0;24832.0;24832.0;24832.0;24832.0,38209.375;38882.8125;40255.859375;40024.21875;43771.09375;37511.328125;37060.9375,24832.0;24832.0;24832.0;24832.0;24832.0;24832.0;24832.0
0,int,interior,10408.594,6401.514,1.6259581717699905,7440.625;10104.345703125;10528.61328125;10409.326171875;10394.3359375;10408.59375;10472.4609375,8336.0;8336.0;8336.0;8336.0;8336.0;8336.0;8336.0,6302.490234375;6339.208984375;6257.958984375;6401.513671875;6506.25;6992.48046875;40947.65625,8336.0;8336.0;8336.0;8336.0;8336.0;8336.0;8336.0
0,int,isolated-tangent,5353.76,5557.324,0.9633701400170299,5353.759765625;5700.634765625;5821.97265625;5505.078125;5313.671875;5247.4609375;5199.4140625,16480.0;16480.0;16480.0;16480.0;16480.0;16480.0;16480.0,5646.2890625;5557.32421875;5616.748046875;5300.9765625;5280.17578125;5564.990234375;5360.498046875,16480.0;16480.0;16480.0;16480.0;16480.0;16480.0;16480.0
0,int,rational-crossing,17865.137,30532.812,0.5851127305274076,27612.6953125;16395.703125;15791.6015625;16037.79296875;18329.78515625;17865.13671875;20171.2890625,16560.0;16560.0;16560.0;16560.0;16560.0;16560.0;16560.0,176826.5625;122856.25;60176.5625;30532.8125;20637.5;23800.0;18178.125,16560.0;16560.0;16560.0;16560.0;16560.0;16560.0;16560.0
0,int,sparse-1,27949.219,21277.148,1.3135791977383435,26591.40625;27774.21875;27991.6015625;28208.0078125;28275.390625;27949.21875;27905.2734375,16560.0;16560.0;16560.0;16560.0;16560.0;16560.0;16560.0,19012.5;19591.796875;21490.33203125;24613.8671875;23630.2734375;21277.1484375;19045.3125,16560.0;16560.0;16560.0;16560.0;16560.0;16560.0;16560.0
0,int,sparse-16,37604.297,36695.703,1.0247602287384983,36970.703125;42618.75;37033.59375;41106.25;37548.828125;37604.296875;39520.703125,16560.0;16560.0;16560.0;16560.0;16560.0;16560.0;16560.0,35699.0234375;35574.609375;36876.7578125;36695.703125;36820.1171875;37517.1875;36181.8359375,16560.0;16560.0;16560.0;16560.0;16560.0;16560.0;16560.0
0,int,sparse-4,25013.281,25551.172,0.9789484803280256,27822.65625;23678.90625;20524.0234375;25013.28125;26034.375;24557.2265625;25685.15625,16560.0;16560.0;16560.0;16560.0;16560.0;16560.0;16560.0,27082.2265625;25551.171875;28576.171875;24568.75;30163.671875;24317.1875;25367.7734375,16560.0;16560.0;16560.0;16560.0;16560.0;16560.0;16560.0
0,int,sparse-64,128253.125,96635.938,1.3271783526331582,163779.6875;138442.1875;101042.1875;97159.375;128253.125;134042.1875;123959.375,16560.0;16560.0;16560.0;16560.0;16560.0;16560.0;16560.0,96635.9375;98142.96875;96571.09375;97355.46875;96440.625;96476.5625;100641.40625,16560.0;16560.0;16560.0;16560.0;16560.0;16560.0;16560.0
0,int,wide-integral,29570.312,22320.703,1.3247930407926667,19054.296875;24381.0546875;29528.61328125;29570.3125;29917.87109375;29715.13671875;29639.55078125,16560.0;16560.0;16560.0;16560.0;16560.0;16560.0;16560.0,23461.9140625;19251.953125;20974.21875;20031.640625;22320.703125;24561.328125;30309.375,16560.0;16560.0;16560.0;16560.0;16560.0;16560.0;16560.0
0,long,boundary-only,19629.883,11841.016,1.657787051381402,19543.1640625;19605.078125;19629.8828125;13302.34375;25149.0234375;43812.109375;155094.7265625,20624.0;20624.0;20624.0;20624.0;20624.0;20624.0;20624.0,12093.65234375;11740.4296875;11575.29296875;11777.83203125;12507.51953125;12656.15234375;11841.015625,20624.0;20624.0;20624.0;20624.0;20624.0;20624.0;20624.0
0,long,boundary-overlap,14468.164,13252.344,1.0917437700077814,15298.53515625;14326.171875;13536.03515625;17664.2578125;14468.1640625;15077.83203125;13487.98828125,20656.0;20656.0;20656.0;20656.0;20656.0;20656.0;20656.0,13505.76171875;13338.18359375;13238.18359375;13604.296875;13252.34375;12603.61328125;12720.60546875,20656.0;20656.0;20656.0;20656.0;20656.0;20656.0;20656.0
0,long,concave-u,45267.578,43310.156,1.045195450231119,53215.234375;37598.828125;37305.078125;38605.46875;45267.578125;63889.84375;64559.375,24832.0;24832.0;24832.0;24832.0;24832.0;24832.0;24832.0,43310.15625;41660.546875;42856.25;59121.875;171471.484375;116871.09375;41676.5625,24832.0;24832.0;24832.0;24832.0;24832.0;24832.0;24832.0
0,long,crossing,21212.305,16870.508,1.2573601814480038,21212.3046875;21037.6953125;20890.234375;19431.25;25631.8359375;21808.3984375;28359.375,16560.0;16560.0;16560.0;16560.0;16560.0;16560.0;16560.0,16603.515625;17054.58984375;17224.31640625;16825.78125;16870.5078125;17167.67578125;16667.7734375,16560.0;16560.0;16560.0;16560.0;16560.0;16560.0;16560.0
0,long,degenerate-boundary,7.185,4.591,1.5650185144848616,7.122802734375;6.84967041015625;7.18536376953125;6.91680908203125;7.7911376953125;7.196044921875;7.2021484375,0.0;0.0;0.0;0.0;0.0;0.0;0.0,4.44183349609375;4.3304443359375;4.59136962890625;4.7882080078125;4.3304443359375;9.26055908203125;4.78668212890625,0.0;0.0;0.0;0.0;0.0;0.0;0.0
0,long,degenerate-interior,4.507,4.529,0.9951424155442702,4.06036376953125;5.5877685546875;4.06341552734375;4.5074462890625;5.426025390625;4.10308837890625;4.5989990234375,0.0;0.0;0.0;0.0;0.0;0.0;0.0,4.3304443359375;4.6295166015625;4.5379638671875;4.72259521484375;4.3304443359375;4.3731689453125;4.52880859375,0.0;0.0;0.0;0.0;0.0;0.0;0.0
0,long,dense-1,21369.141,19297.07,1.1073774930598272,18461.5234375;23263.671875;28116.796875;28217.1875;21369.140625;17539.453125;18969.53125,16560.0;16560.0;16560.0;16560.0;16560.0;16560.0;16560.0,86710.7421875;73989.0625;18563.4765625;19297.0703125;19149.609375;19873.828125;18838.8671875,16560.0;16560.0;16560.0;16560.0;16560.0;16560.0;16560.0
0,long,dense-16,666937.5,499868.75,1.3342252341239575,672900.0;667831.25;665212.5;665493.75;666937.5;666275.0;676587.5,145008.0;145008.0;145008.0;145008.0;145008.0;145008.0;145008.0,561700.0;499868.75;457284.375;465634.375;515950.0;671546.875;431487.5,145008.0;145008.0;145008.0;145008.0;145008.0;145008.0;145008.0
0,long,dense-4,94314.844,89712.5,1.0513010338581579,89424.21875;103775.78125;101942.96875;101030.46875;90629.6875;90907.8125;94314.84375,41360.0;41360.0;41360.0;41360.0;41360.0;41360.0;41360.0,85507.03125;85354.6875;91335.9375;94855.46875;89712.5;91603.125;89121.875,41360.0;41360.0;41360.0;41360.0;41360.0;41360.0;41360.0
0,long,dense-64,3119575.0,2035025.0,1.5329418557511578,3114150.0;3137225.0;3379625.0;3121975.0;3097225.0;3118225.0;3119575.0,556032.0;556032.0;556032.0;556032.0;556032.0;556032.0;556032.0,2527875.0;2031925.0;1905875.0;1930125.0;2115000.0;2227125.0;2035025.0,556032.0;556032.0;556032.0;556032.0;556032.0;556032.0;556032.0
0,long,empty,7.179,5.103,1.406819517930629,7.18231201171875;7.17926025390625;7.501220703125;7.13958740234375;6.91680908203125;7.72552490234375;6.85272216796875,0.0;0.0;0.0;0.0;0.0;0.0;0.0,5.1025390625;4.5989990234375;5.24444580078125;6.280517578125;4.5989990234375;5.61065673828125;4.595947265625,0.0;0.0;0.0;0.0;0.0;0.0;0.0
0,long,endpoint-collapse,23279.199,14499.609,1.605505293280667,19340.0390625;23110.3515625;23069.921875;23446.2890625;23279.19921875;23753.125;23820.80078125,16528.0;16528.0;16528.0;16528.0;16528.0;16528.0;16528.0,14501.953125;14523.046875;14499.609375;13886.5234375;13365.234375;14693.1640625;13262.6953125,16528.0;16528.0;16528.0;16528.0;16528.0;16528.0;16528.0
0,long,exterior,3612.988,19.611,184.23272653102848,4483.2275390625;3728.2470703125;3626.3916015625;3612.98828125;3549.3408203125;3605.6884765625;3504.541015625,8288.0;8288.0;8288.0;8288.0;8288.0;8288.0;8288.0,19.36187744140625;16.046142578125;23.2147216796875;19.9920654296875;20.85723876953125;18.96820068359375;19.610595703125,0.0;0.0;0.0;0.0;0.0;0.0;0.0
0,long,gap-collapse,61587.891,40560.938,1.5184040122543516,42826.171875;45080.2734375;49949.21875;61587.890625;61943.9453125;62022.8515625;68335.7421875,24800.0;24800.0;24800.0;24800.0;24800.0;24800.0;24800.0,42877.734375;41536.328125;38236.328125;40560.9375;41844.53125;38511.328125;38981.640625,24800.0;24800.0;24800.0;24800.0;24800.0;24800.0;24800.0
0,long,hole,40086.719,39672.656,1.0104369871278593,64417.96875;63956.25;54132.8125;37552.34375;36157.03125;38519.921875;40086.71875,24832.0;24832.0;24832.0;24832.0;24832.0;24832.0;24832.0,39735.546875;42474.21875;39625.390625;39464.0625;39672.65625;39636.328125;41662.890625,24832.0;24832.0;24832.0;24832.0;24832.0;24832.0;24832.0
0,long,hole-reversed,64208.984,40105.078,1.6010188036537416,44884.765625;63437.890625;64439.0625;64208.984375;65200.0;64727.734375;51144.53125,24832.0;24832.0;24832.0;24832.0;24832.0;24832.0;24832.0,38811.328125;39603.90625;49995.3125;72941.40625;42312.890625;38903.90625;40105.078125,24832.0;24832.0;24832.0;24832.0;24832.0;24832.0;24832.0
0,long,interior,11173.633,8087.793,1.3815429005168653,11480.2734375;11437.98828125;11336.03515625;11173.6328125;8863.4765625;8763.18359375;8763.8671875,8336.0;8336.0;8336.0;8336.0;8336.0;8336.0;8336.0,8370.068359375;8206.201171875;8095.8984375;7787.548828125;7566.9921875;8087.79296875;7769.53125,8336.0;8336.0;8336.0;8336.0;8336.0;8336.0;8336.0
0,long,isolated-tangent,6062.598,5966.553,1.0160972340311065,8446.240234375;5803.173828125;5875.439453125;6062.59765625;5987.01171875;7186.865234375;6957.51953125,16480.0;16480.0;16480.0;16480.0;16480.0;16480.0;16480.0,5683.30078125;5735.9375;5923.92578125;6281.93359375;7136.5234375;6174.462890625;5966.552734375,16480.0;16480.0;16480.0;16480.0;16480.0;16480.0;16480.0
0,long,rational-crossing,28501.66,18785.547,1.5172121418662976,28501.66015625;29147.75390625;29209.27734375;28387.40234375;28239.453125;28741.30859375;28346.875,16560.0;16560.0;16560.0;16560.0;16560.0;16560.0;16560.0,20036.5234375;17606.4453125;18785.546875;17722.65625;19360.9375;20248.828125;18406.0546875,16560.0;16560.0;16560.0;16560.0;16560.0;16560.0;16560.0
0,long,sparse-1,28555.078,21566.406,1.3240536230283342,91390.625;126481.8359375;28505.078125;28699.8046875;28460.15625;28355.859375;28555.078125,16560.0;16560.0;16560.0;16560.0;16560.0;16560.0;16560.0,23053.41796875;18711.328125;27506.0546875;23733.59375;20468.5546875;20096.09375;21566.40625,16560.0;16560.0;16560.0;16560.0;16560.0;16560.0;16560.0
0,long,sparse-16,53654.688,47665.625,1.1256474241132892,52583.59375;53615.234375;53654.6875;54023.046875;53310.9375;54207.8125;80612.109375,16560.0;16560.0;16560.0;16560.0;16560.0;16560.0;16560.0,47665.625;49251.5625;48884.765625;49049.609375;45441.015625;44590.625;45161.328125,16560.0;16560.0;16560.0;16560.0;16560.0;16560.0;16560.0
0,long,sparse-4,36297.852,25817.188,1.405956837747008,36025.1953125;36248.2421875;36772.65625;36076.953125;36670.5078125;36297.8515625;38993.1640625,16560.0;16560.0;16560.0;16560.0;16560.0;16560.0;16560.0,32035.9375;27388.8671875;25817.1875;24045.5078125;24222.0703125;24875.9765625;27407.421875,16560.0;16560.0;16560.0;16560.0;16560.0;16560.0;16560.0
0,long,sparse-64,184976.562,125040.625,1.4793317131932122,185417.1875;184623.4375;184976.5625;183889.0625;185548.4375;183976.5625;185798.4375,16560.0;16560.0;16560.0;16560.0;16560.0;16560.0;16560.0,135255.46875;139169.53125;131455.46875;124557.8125;124657.8125;125040.625;123982.03125,16560.0;16560.0;16560.0;16560.0;16560.0;16560.0;16560.0
0,long,wide-integral,32096.582,26882.227,1.1939703507451225,114692.7734375;32151.3671875;32018.84765625;32030.95703125;32011.81640625;32096.58203125;32215.625,16560.0;16560.0;16560.0;16560.0;16560.0;16560.0;16560.0,26882.2265625;27338.28125;33617.96875;26199.0234375;21920.703125;26982.2265625;20669.140625,16560.0;16560.0;16560.0;16560.0;16560.0;16560.0;16560.0
1,double,boundary-only,13846.191,14642.48,0.9456178871338736,15010.7421875;13761.42578125;14626.171875;13420.703125;14392.28515625;13143.75;13846.19140625,20624.0;20624.0;20624.0;20624.0;20624.0;20624.0;20624.0,14790.13671875;15603.7109375;14740.91796875;14559.9609375;13964.2578125;14642.48046875;13867.578125,20624.0;20624.0;20624.0;20624.0;20624.0;20624.0;20624.0
1,double,boundary-overlap,14843.359,15387.988,0.9646068738811079,15434.47265625;14761.1328125;14943.75;16647.75390625;14843.359375;14458.984375;14203.41796875,20656.0;20656.0;20656.0;20656.0;20656.0;20656.0;20656.0,16920.21484375;15278.61328125;15012.3046875;15775.29296875;15220.703125;15466.796875;15387.98828125,20656.0;20656.0;20656.0;20656.0;20656.0;20656.0;20656.0
1,double,concave-u,44667.188,53885.938,0.8289210442991639,50038.671875;46910.15625;47319.140625;44667.1875;43379.296875;43311.71875;43220.3125,24832.0;24832.0;24832.0;24832.0;24832.0;24832.0;24832.0,45108.59375;46655.078125;55381.640625;44519.140625;55308.984375;53885.9375;54419.140625,24832.0;24832.0;24832.0;24832.0;24832.0;24832.0;24832.0
1,double,crossing,20906.445,23641.797,0.8843001655077235,18999.70703125;17773.2421875;21523.33984375;21024.609375;20906.4453125;21531.25;20533.3984375,16560.0;16560.0;16560.0;16560.0;16560.0;16560.0;16560.0,22760.9375;23948.6328125;23641.796875;22815.0390625;34655.2734375;24269.921875;17610.3515625,16560.0;16560.0;16560.0;16560.0;16560.0;16560.0;16560.0
1,double,degenerate-boundary,5.606,6.958,0.8056912906007473,5.6060791015625;5.89141845703125;4.84466552734375;5.14068603515625;4.3792724609375;6.4666748046875;6.21490478515625,0.0;0.0;0.0;0.0;0.0;0.0;0.0,6.9580078125;6.5399169921875;61.6241455078125;5.0689697265625;8.09326171875;8.85467529296875;5.6304931640625,0.0;0.0;0.0;0.0;0.0;0.0;0.0
1,double,degenerate-interior,4.066,5.051,0.8049891110671153,3.63311767578125;3.66973876953125;4.06646728515625;6.34002685546875;4.5196533203125;6.048583984375;3.6590576171875,0.0;0.0;0.0;0.0;0.0;0.0;0.0,6.5399169921875;3.79486083984375;3.79486083984375;7.6873779296875;3.79638671875;5.9295654296875;5.0506591796875,0.0;0.0;0.0;0.0;0.0;0.0;0.0
1,double,dense-1,21130.273,20019.141,1.0555034803940888,23970.3125;20951.953125;19424.4140625;21563.28125;20251.953125;21130.2734375;23213.0859375,16560.0;16560.0;16560.0;16560.0;16560.0;16560.0;16560.0,20944.140625;19823.828125;20483.0078125;20622.65625;20019.140625;19345.3125;19125.1953125,16560.0;16560.0;16560.0;16560.0;16560.0;16560.0;16560.0
1,double,dense-16,477968.75,541968.75,0.8819120106094678,490400.0;508525.0;457912.5;533475.0;449062.5;477968.75;451718.75,145008.0;145008.0;145008.0;145008.0;145008.0;145008.0;145008.0,635684.375;534015.625;585365.625;553003.125;524456.25;541968.75;525840.625,145008.0;145008.0;145008.0;145008.0;145008.0;145008.0;145008.0
1,double,dense-4,102827.344,104360.938,0.9853049040245307,102827.34375;123497.65625;98613.28125;105307.03125;113300.0;96708.59375;92442.96875,41360.0;41360.0;41360.0;41360.0;41360.0;41360.0;41360.0,107881.25;109278.125;103389.84375;104360.9375;100729.6875;108584.375;90374.21875,41360.0;41360.0;41360.0;41360.0;41360.0;41360.0;41360.0
1,double,dense-64,2189537.5,2376375.0,0.9213770974698858,2218212.5;2430050.0;2227037.5;2084550.0;2158550.0;2189537.5;2042425.0,556032.0;556032.0;556032.0;556032.0;556032.0;556032.0;556032.0,2034962.5;9448212.5;3249050.0;2140200.0;2250050.0;2376375.0;2504750.0,556032.0;556032.0;556032.0;556032.0;556032.0;556032.0;556032.0
1,double,empty,3.83,4.289,0.8929820470972255,7.16552734375;3.61175537109375;3.5888671875;5.9112548828125;4.3975830078125;3.60565185546875;3.8299560546875,0.0;0.0;0.0;0.0;0.0;0.0;0.0,4.34417724609375;4.058837890625;4.28924560546875;4.4097900390625;4.2449951171875;4.5135498046875;4.0557861328125,0.0;0.0;0.0;0.0;0.0;0.0;0.0
1,double,exterior,3603.076,16.809,214.3539770361116,3569.3359375;3537.5;3610.0830078125;3609.7412109375;3508.251953125;3613.916015625;3603.076171875,8288.0;8288.0;8288.0;8288.0;8288.0;8288.0;8288.0,17.17071533203125;18.0328369140625;17.1478271484375;14.44244384765625;16.80908203125;16.26434326171875;14.0960693359375,0.0;0.0;0.0;0.0;0.0;0.0;0.0
1,double,hole,42490.625,44898.047,0.9463802512389905,54484.375;40857.8125;42490.625;44663.28125;43510.546875;41716.40625;41432.421875,24832.0;24832.0;24832.0;24832.0;24832.0;24832.0;24832.0,44711.328125;47602.734375;45011.328125;44293.75;46287.890625;44474.609375;44898.046875,24832.0;24832.0;24832.0;24832.0;24832.0;24832.0;24832.0
1,double,hole-reversed,43307.031,56898.438,0.7611286446914413,44334.765625;40105.859375;43198.828125;43307.03125;41782.03125;80735.9375;224133.984375,24832.0;24832.0;24832.0;24832.0;24832.0;24832.0;24832.0,113506.640625;57714.453125;48694.140625;47674.21875;64322.65625;56898.4375;52558.984375,24832.0;24832.0;24832.0;24832.0;24832.0;24832.0;24832.0
1,double,interior,7478.76,9516.748,0.7858524781784703,7267.48046875;7567.48046875;7311.962890625;7479.931640625;7478.759765625;7585.205078125;7402.587890625,8336.0;8336.0;8336.0;8336.0;8336.0;8336.0;8336.0,8107.12890625;8463.671875;9858.10546875;9516.748046875;8194.189453125;34526.708984375;25002.001953125,8336.0;8336.0;8336.0;8336.0;8336.0;8336.0;8336.0
1,double,isolated-tangent,9267.773,8032.227,1.1538235908920402,9267.7734375;8579.00390625;9457.2265625;9591.015625;9278.7109375;8968.1640625;8869.23828125,16480.0;16480.0;16480.0;16480.0;16480.0;16480.0;16480.0,7899.4140625;7469.3359375;8158.984375;9329.58984375;8032.2265625;8979.98046875;7408.7890625,16480.0;16480.0;16480.0;16480.0;16480.0;16480.0;16480.0
1,double,large-finite,36282.617,35693.75,1.0164977622132725,36282.6171875;37955.2734375;36366.796875;37424.0234375;34386.71875;34352.9296875;34342.3828125,16560.0;16560.0;16560.0;16560.0;16560.0;16560.0;16560.0,48318.1640625;41188.8671875;34580.6640625;35394.53125;35693.75;42264.453125;35586.9140625,16560.0;16560.0;16560.0;16560.0;16560.0;16560.0;16560.0
1,double,rational-crossing,18225.293,23180.859,0.7862216408805214,18883.69140625;23698.33984375;19447.75390625;17540.8203125;17783.69140625;17910.3515625;18225.29296875,16560.0;16560.0;16560.0;16560.0;16560.0;16560.0;16560.0,167367.3828125;34784.1796875;27071.09375;23180.859375;21967.3828125;23104.6875;21779.296875,16560.0;16560.0;16560.0;16560.0;16560.0;16560.0;16560.0
1,double,sparse-1,23059.961,19604.883,1.176235583757373,20021.6796875;20175.5859375;18645.1171875;23059.9609375;45144.53125;27687.3046875;28265.234375,16560.0;16560.0;16560.0;16560.0;16560.0;16560.0;16560.0,19871.09375;20699.0234375;19282.8125;20518.75;19051.7578125;19604.8828125;19167.3828125,16560.0;16560.0;16560.0;16560.0;16560.0;16560.0;16560.0
1,double,sparse-16,43716.797,50024.219,0.873912634198247,48235.546875;44357.03125;41678.515625;42509.765625;43716.796875;42098.4375;43917.1875,16560.0;16560.0;16560.0;16560.0;16560.0;16560.0;16560.0,48099.21875;47958.984375;49170.3125;52455.859375;50024.21875;51789.84375;51674.21875,16560.0;16560.0;16560.0;16560.0;16560.0;16560.0;16560.0
1,double,sparse-4,25010.938,28018.555,0.8926562415513576,25010.9375;24567.7734375;25143.9453125;24621.2890625;24297.8515625;25457.6171875;28780.859375,16560.0;16560.0;16560.0;16560.0;16560.0;16560.0;16560.0,32870.5078125;28018.5546875;27914.0625;28247.4609375;26307.2265625;26870.8984375;28852.734375,16560.0;16560.0;16560.0;16560.0;16560.0;16560.0;16560.0
1,double,sparse-64,140522.656,131219.531,1.0708974108435123,147241.40625;145332.03125;160146.875;136646.875;131858.59375;137573.4375;140522.65625,16560.0;16560.0;16560.0;16560.0;16560.0;16560.0;16560.0,126675.78125;131577.34375;138615.625;138639.84375;131219.53125;129844.53125;128075.78125,16560.0;16560.0;16560.0;16560.0;16560.0;16560.0;16560.0
1,double,subnormal,29855.078,30191.992,0.9888409482885396,32764.84375;32563.28125;42250.390625;29064.84375;29775.390625;29855.078125;27999.609375,16560.0;16560.0;16560.0;16560.0;16560.0;16560.0;16560.0,28936.5234375;30191.9921875;30119.140625;28764.453125;31573.828125;32927.734375;30735.3515625,16560.0;16560.0;16560.0;16560.0;16560.0;16560.0;16560.0
1,float,boundary-only,12294.238,12609.18,0.9750228008482708,12294.23828125;11767.28515625;12859.765625;12492.3828125;12021.77734375;12457.8125;12260.3515625,20624.0;20624.0;20624.0;20624.0;20624.0;20624.0;20624.0,12016.9921875;12005.56640625;12648.73046875;12609.1796875;13185.83984375;12422.0703125;12838.8671875,20624.0;20624.0;20624.0;20624.0;20624.0;20624.0;20624.0
1,float,boundary-overlap,13301.367,13670.508,0.9729972726690186,13366.50390625;13159.375;13296.875;13177.24609375;13378.02734375;13301.3671875;14006.0546875,20656.0;20656.0;20656.0;20656.0;20656.0;20656.0;20656.0,13307.91015625;13555.859375;14035.546875;13234.86328125;13670.5078125;13759.47265625;13993.45703125,20656.0;20656.0;20656.0;20656.0;20656.0;20656.0;20656.0
1,float,concave-u,39540.625,40742.578,0.9704988476674206,40726.953125;39372.265625;39359.765625;39540.625;39328.515625;40523.828125;41251.953125,24832.0;24832.0;24832.0;24832.0;24832.0;24832.0;24832.0,39325.0;40742.578125;42058.59375;40053.515625;39434.375;43056.25;41494.53125,24832.0;24832.0;24832.0;24832.0;24832.0;24832.0;24832.0
1,float,crossing,17520.508,20664.062,0.8478733755251024,19998.92578125;17520.5078125;17467.3828125;17288.28125;17440.52734375;17699.51171875;18196.58203125,16560.0;16560.0;16560.0;16560.0;16560.0;16560.0;16560.0,19448.2421875;20664.0625;20550.390625;21654.296875;28707.6171875;21180.2734375;17257.8125,16560.0;16560.0;16560.0;16560.0;16560.0;16560.0;16560.0
1,float,degenerate-boundary,4.646,3.802,1.2219884271436086,5.22003173828125;4.06036376953125;4.522705078125;4.4830322265625;4.7393798828125;4.64630126953125;4.97283935546875,0.0;0.0;0.0;0.0;0.0;0.0;0.0,3.78875732421875;3.78875732421875;4.022216796875;4.38232421875;3.78875732421875;3.802490234375;4.47235107421875,0.0;0.0;0.0;0.0;0.0;0.0;0.0
1,float,degenerate-interior,4.477,3.79,1.1812664907651715,4.55474853515625;4.06036376953125;4.45556640625;4.4769287109375;4.06036376953125;5.54046630859375;5.11627197265625,0.0;0.0;0.0;0.0;0.0;0.0;0.0,4.095458984375;3.78875732421875;4.046630859375;4.39453125;3.790283203125;3.78875732421875;3.78875732421875,0.0;0.0;0.0;0.0;0.0;0.0;0.0
1,float,dense-1,16882.812,20537.109,0.8220637091617911,17073.4375;18489.0625;16882.8125;16662.5;19285.15625;16828.90625;16514.0625,16560.0;16560.0;16560.0;16560.0;16560.0;16560.0;16560.0,21350.78125;19979.4921875;28320.1171875;19003.125;20842.1875;19685.9375;20537.109375,16560.0;16560.0;16560.0;16560.0;16560.0;16560.0;16560.0
1,float,dense-16,488753.125,495796.875,0.985793073020075,488753.125;545350.0;517178.125;475903.125;473346.875;488600.0;495993.75,145008.0;145008.0;145008.0;145008.0;145008.0;145008.0;145008.0,492562.5;509775.0;544443.75;506850.0;473093.75;469075.0;495796.875,145008.0;145008.0;145008.0;145008.0;145008.0;145008.0;145008.0
1,float,dense-4,87814.844,91553.906,0.9591599947685464,86912.5;90946.09375;86489.84375;85911.71875;93651.5625;87814.84375;88181.25,41360.0;41360.0;41360.0;41360.0;41360.0;41360.0;41360.0,99618.75;91553.90625;91147.65625;92921.09375;96704.6875;90245.3125;84487.5,41360.0;41360.0;41360.0;41360.0;41360.0;41360.0;41360.0
1,float,dense-64,2105987.5,2030300.0,1.0372789735507069,2278125.0;2243037.5;2105475.0;2063612.5;2020475.0;2105987.5;2435787.5,556032.0;556032.0;556032.0;556032.0;556032.0;556032.0;556032.0,1991287.5;2008425.0;2030300.0;2229575.0;2027362.5;2682587.5;2241300.0,556032.0;556032.0;556032.0;556032.0;556032.0;556032.0;556032.0
1,float,empty,4.63,5.745,0.8059181897302001,4.06036376953125;5.46875;4.058837890625;5.18341064453125;4.608154296875;4.80499267578125;4.6295166015625,0.0;0.0;0.0;0.0;0.0;0.0;0.0,11.6973876953125;5.05218505859375;4.93011474609375;4.47235107421875;6.76422119140625;7.58209228515625;5.74493408203125,0.0;0.0;0.0;0.0;0.0;0.0;0.0
1,float,exterior,3691.699,27.89,132.3664037289351,3710.3271484375;3595.166015625;3691.69921875;3710.8642578125;3691.455078125;3706.9091796875;3676.1474609375,8288.0;8288.0;8288.0;8288.0;8288.0;8288.0;8288.0,27.72064208984375;26.3916015625;27.8900146484375;28.1707763671875;27.15606689453125;28.0792236328125;27.9205322265625,0.0;0.0;0.0;0.0;0.0;0.0;0.0
1,float,hole,40800.0,39958.594,1.0210569470987894,38897.65625;39666.015625;39796.875;40918.75;41396.484375;41519.921875;40800.0,24832.0;24832.0;24832.0;24832.0;24832.0;24832.0;24832.0,41814.453125;40088.28125;40683.203125;38733.59375;38129.6875;39958.59375;39809.375,24832.0;24832.0;24832.0;24832.0;24832.0;24832.0;24832.0
1,float,hole-reversed,40246.484,41076.562,0.9797919309800075,39186.71875;38717.96875;40461.71875;40098.828125;40445.3125;40246.484375;40533.984375,24832.0;24832.0;24832.0;24832.0;24832.0;24832.0;24832.0,40942.96875;40725.78125;43236.328125;40573.046875;43195.703125;43077.734375;41076.5625,24832.0;24832.0;24832.0;24832.0;24832.0;24832.0;24832.0
1,float,interior,7566.211,8377.49,0.9031596576062759,7639.404296875;7752.783203125;7453.369140625;7615.966796875;7526.806640625;7512.890625;7566.2109375,8336.0;8336.0;8336.0;8336.0;8336.0;8336.0;8336.0,7475.68359375;7281.0546875;8637.890625;8459.130859375;8377.490234375;8450.927734375;8106.005859375,8336.0;8336.0;8336.0;8336.0;8336.0;8336.0;8336.0
1,float,isolated-tangent,7051.27,6923.584,1.0184421825459185,6824.658203125;6927.9296875;6921.97265625;7051.26953125;11286.865234375;43664.84375;7068.212890625,16480.0;16480.0;16480.0;16480.0;16480.0;16480.0;16480.0,7185.64453125;7052.63671875;6821.77734375;6923.583984375;7094.580078125;6919.677734375;6809.033203125,16480.0;16480.0;16480.0;16480.0;16480.0;16480.0;16480.0
1,float,large-finite,18857.227,20685.352,0.91162224360504,19542.96875;19635.9375;18857.2265625;18970.3125;18582.6171875;18693.5546875;18696.484375,16560.0;16560.0;16560.0;16560.0;16560.0;16560.0;16560.0,20685.3515625;18919.140625;20674.8046875;22547.0703125;19846.875;21453.90625;22694.53125,16560.0;16560.0;16560.0;16560.0;16560.0;16560.0;16560.0
1,float,rational-crossing,18253.711,18171.191,1.0045412543404557,18141.89453125;18146.77734375;18474.12109375;18253.7109375;18393.26171875;18655.2734375;18252.05078125,16560.0;16560.0;16560.0;16560.0;16560.0;16560.0;16560.0,18247.55859375;18171.19140625;17429.58984375;17770.80078125;18561.62109375;18386.1328125;17600.29296875,16560.0;16560.0;16560.0;16560.0;16560.0;16560.0;16560.0
1,float,sparse-1,18429.102,21258.008,0.866925160626527,19152.9296875;18577.5390625;19805.6640625;17856.0546875;18429.1015625;18181.25;17435.546875,16560.0;16560.0;16560.0;16560.0;16560.0;16560.0;16560.0,21258.0078125;21872.4609375;21789.84375;21885.9375;20229.78515625;20314.84375;19639.74609375,16560.0;16560.0;16560.0;16560.0;16560.0;16560.0;16560.0
1,float,sparse-16,41941.016,41208.984,1.0177638934267346,41617.578125;41612.5;43192.1875;42901.171875;41221.875;42101.5625;41941.015625,16560.0;16560.0;16560.0;16560.0;16560.0;16560.0;16560.0,42331.640625;41341.40625;40533.984375;42845.703125;40051.5625;40375.78125;41208.984375,16560.0;16560.0;16560.0;16560.0;16560.0;16560.0;16560.0
1,float,sparse-4,23472.852,24777.148,0.947358913140447,23328.3203125;23084.765625;24467.96875;23409.5703125;23911.1328125;23472.8515625;24553.7109375,16560.0;16560.0;16560.0;16560.0;16560.0;16560.0;16560.0,24149.4140625;30547.4609375;25666.2109375;24777.1484375;23551.953125;26324.8046875;23138.671875,16560.0;16560.0;16560.0;16560.0;16560.0;16560.0;16560.0
1,float,sparse-64,124668.75,118398.438,1.0529594148868755,124717.96875;127108.59375;125666.40625;124287.5;124668.75;124030.46875;120025.0,16560.0;16560.0;16560.0;16560.0;16560.0;16560.0;16560.0,116032.03125;114399.21875;120047.65625;116681.25;118630.46875;118398.4375;122373.4375,16560.0;16560.0;16560.0;16560.0;16560.0;16560.0;16560.0
1,float,subnormal,18069.336,20007.715,0.903118422068687,18069.3359375;19665.625;19183.203125;18462.6953125;17081.8359375;17238.76953125;17151.3671875,16560.0;16560.0;16560.0;16560.0;16560.0;16560.0;16560.0,20007.71484375;18188.76953125;18664.453125;19136.03515625;21123.14453125;23270.60546875;22304.8828125,16560.0;16560.0;16560.0;16560.0;16560.0;16560.0;16560.0
1,int,boundary-only,13644.238,12987.695,1.0505511563060266,15965.8203125;14662.59765625;13644.23828125;12375.390625;11417.87109375;13264.6484375;15307.6171875,20624.0;20624.0;20624.0;20624.0;20624.0;20624.0;20624.0,13295.1171875;12987.6953125;12393.1640625;12720.3125;13911.42578125;14665.234375;12811.23046875,20624.0;20624.0;20624.0;20624.0;20624.0;20624.0;20624.0
1,int,boundary-overlap,14412.988,11825.195,1.2188372369335136,14051.07421875;17551.66015625;14099.21875;13658.984375;14552.05078125;15994.43359375;14412.98828125,20656.0;20656.0;20656.0;20656.0;20656.0;20656.0;20656.0,11825.1953125;11492.96875;11409.5703125;13090.8203125;12540.0390625;11344.140625;12039.453125,20656.0;20656.0;20656.0;20656.0;20656.0;20656.0;20656.0
1,int,concave-u,38307.031,43012.891,0.8905941941916901,38327.34375;38307.03125;36879.296875;38298.4375;40046.875;38231.25;61238.671875,24832.0;24832.0;24832.0;24832.0;24832.0;24832.0;24832.0,51237.5;40361.328125;39873.828125;43012.890625;43194.53125;41134.375;43845.703125,24832.0;24832.0;24832.0;24832.0;24832.0;24832.0;24832.0
1,int,crossing,19281.25,19133.398,1.007727430328894,22130.76171875;21402.24609375;19281.25;19194.04296875;20170.01953125;19077.734375;18960.25390625,16560.0;16560.0;16560.0;16560.0;16560.0;16560.0;16560.0,18935.05859375;18922.4609375;18762.3046875;19133.3984375;22585.83984375;20199.21875;20413.4765625,16560.0;16560.0;16560.0;16560.0;16560.0;16560.0;16560.0
1,int,degenerate-boundary,6.183,3.992,1.5488476953907815,3.90472412109375;8.28704833984375;6.536865234375;4.2816162109375;6.4788818359375;6.182861328125;3.86810302734375,0.0;0.0;0.0;0.0;0.0;0.0;0.0,4.57763671875;3.9459228515625;4.2022705078125;3.99169921875;3.839111328125;3.51715087890625;4.46014404296875,0.0;0.0;0.0;0.0;0.0;0.0;0.0
1,int,degenerate-interior,4.688,3.568,1.3139013452914796,5.584716796875;3.8360595703125;9.783935546875;3.86962890625;3.8360595703125;8.37554931640625;4.6875,0.0;0.0;0.0;0.0;0.0;0.0;0.0,3.4912109375;3.9215087890625;3.515625;3.4912109375;3.7384033203125;4.60052490234375;3.5675048828125,0.0;0.0;0.0;0.0;0.0;0.0;0.0
1,int,dense-1,18213.867,20807.812,0.8753379259674202,17458.203125;18213.8671875;17524.609375;24489.6484375;25885.546875;20226.171875;18102.34375,16560.0;16560.0;16560.0;16560.0;16560.0;16560.0;16560.0,53619.921875;23436.328125;20807.8125;20505.2734375;19814.0625;20469.3359375;23935.3515625,16560.0;16560.0;16560.0;16560.0;16560.0;16560.0;16560.0
1,int,dense-16,456156.25,433456.25,1.0523697605006272,405725.0;401531.25;396643.75;456156.25;3340143.75;2432556.25;785093.75,145008.0;145008.0;145008.0;145008.0;145008.0;145008.0;145008.0,421237.5;467540.625;433456.25;432650.0;424153.125;482325.0;437009.375,145008.0;145008.0;145008.0;145008.0;145008.0;145008.0;145008.0
1,int,dense-4,100854.688,101988.281,0.9888850661185278,122054.6875;100854.6875;101064.0625;95991.40625;96375.0;92716.40625;103978.90625,41360.0;41360.0;41360.0;41360.0;41360.0;41360.0;41360.0,95678.90625;96388.28125;107724.21875;106413.28125;115792.96875;101988.28125;86475.78125,41360.0;41360.0;41360.0;41360.0;41360.0;41360.0;41360.0
1,int,dense-64,2115950.0,2159875.0,0.9796631749522542,2115950.0;2072450.0;1958275.0;2270525.0;2351725.0;2003625.0;3198950.0,556032.0;556032.0;556032.0;556032.0;556032.0;556032.0;556032.0,2268650.0;2209737.5;2132750.0;2148187.5;2159875.0;2387975.0;2106300.0,556032.0;556032.0;556032.0;556032.0;556032.0;556032.0;556032.0
1,int,empty,4.565,5.206,0.8768728390318863,4.93316650390625;3.84521484375;3.90777587890625;7.1075439453125;5.2764892578125;4.5654296875;4.20684814453125,0.0;0.0;0.0;0.0;0.0;0.0;0.0,6.231689453125;5.55572509765625;5.55877685546875;4.65850830078125;5.206298828125;5.06591796875;5.17425537109375,0.0;0.0;0.0;0.0;0.0;0.0;0.0
1,int,exterior,3263.916,18.082,180.5063599159385,52266.9921875;3915.087890625;3346.38671875;3263.916015625;2829.8828125;3015.234375;2772.705078125,8288.0;8288.0;8288.0;8288.0;8288.0;8288.0;8288.0,19.10552978515625;18.0816650390625;20.31707763671875;17.41790771484375;17.27447509765625;19.7998046875;17.39959716796875,0.0;0.0;0.0;0.0;0.0;0.0;0.0
1,int,hole,41042.188,37898.047,1.082963140554446,40822.65625;41042.1875;40626.171875;42460.15625;39992.96875;55916.796875;69733.59375,24832.0;24832.0;24832.0;24832.0;24832.0;24832.0;24832.0,36924.21875;35551.953125;35518.75;37898.046875;45527.734375;47287.890625;51442.96875,24832.0;24832.0;24832.0;24832.0;24832.0;24832.0;24832.0
1,int,hole-reversed,45043.75,45744.531,0.9846805512116846,45370.3125;46350.0;43039.0625;45043.75;43250.0;49437.5;42443.75,24832.0;24832.0;24832.0;24832.0;24832.0;24832.0;24832.0,45837.109375;45744.53125;42759.375;44712.890625;45255.078125;50104.6875;60833.59375,24832.0;24832.0;24832.0;24832.0;24832.0;24832.0;24832.0
1,int,interior,7347.266,7641.846,0.9614517225288235,7173.681640625;7257.03125;6784.619140625;7864.16015625;8327.9296875;7628.076171875;7347.265625,8336.0;8336.0;8336.0;8336.0;8336.0;8336.0;8336.0,7194.62890625;8424.8046875;7641.845703125;8313.76953125;7187.79296875;8485.44921875;7493.701171875,8336.0;8336.0;8336.0;8336.0;8336.0;8336.0;8336.0
1,int,isolated-tangent,5269.922,5172.168,1.0189000047948944,6212.255859375;6674.462890625;5896.044921875;4957.763671875;5204.931640625;5269.921875;5093.65234375,16480.0;16480.0;16480.0;16480.0;16480.0;16480.0;16480.0,4993.359375;4881.25;5198.4375;5172.16796875;5790.6494140625;4993.212890625;5257.1044921875,16480.0;16480.0;16480.0;16480.0;16480.0;16480.0;16480.0
1,int,rational-crossing,20622.852,18650.781,1.1057366444868983,22311.71875;20622.8515625;20480.6640625;21748.2421875;20668.9453125;19780.6640625;19382.03125,16560.0;16560.0;16560.0;16560.0;16560.0;16560.0;16560.0,18650.78125;19554.4921875;19184.5703125;19775.5859375;18017.3828125;18161.1328125;18145.5078125,16560.0;16560.0;16560.0;16560.0;16560.0;16560.0;16560.0
1,int,sparse-1,19333.008,17445.801,1.108175428574475,16908.69140625;17867.28515625;19333.0078125;18891.9921875;22262.79296875;23621.875;27175.390625,16560.0;16560.0;16560.0;16560.0;16560.0;16560.0;16560.0,17216.6015625;17702.9296875;16555.078125;17781.34765625;17529.1015625;17445.80078125;17054.8828125,16560.0;16560.0;16560.0;16560.0;16560.0;16560.0;16560.0
1,int,sparse-16,46230.469,41124.609,1.124155830879754,48435.9375;59573.828125;47044.921875;39217.96875;42087.109375;40111.328125;46230.46875,16560.0;16560.0;16560.0;16560.0;16560.0;16560.0;16560.0,40675.0;43001.171875;38441.015625;41498.4375;42964.453125;41124.609375;40374.21875,16560.0;16560.0;16560.0;16560.0;16560.0;16560.0;16560.0
1,int,sparse-4,23461.133,21703.906,1.0809636293117009,20985.15625;21613.671875;24383.7890625;23844.7265625;24718.5546875;23232.03125;23461.1328125,16560.0;16560.0;16560.0;16560.0;16560.0;16560.0;16560.0,21215.234375;21746.2890625;21703.90625;21794.7265625;22208.984375;21570.5078125;20583.203125,16560.0;16560.0;16560.0;16560.0;16560.0;16560.0;16560.0
1,int,sparse-64,113071.875,105128.906,1.0755545672662092,151584.375;130086.71875;109345.3125;113071.875;124965.625;108300.78125;104003.125,16560.0;16560.0;16560.0;16560.0;16560.0;16560.0;16560.0,104525.78125;105128.90625;104179.6875;102967.96875;109255.46875;106389.84375;106485.9375,16560.0;16560.0;16560.0;16560.0;16560.0;16560.0;16560.0
1,int,wide-integral,18508.984,18509.57,0.9999683407015939,18339.2578125;18508.984375;18343.359375;18247.36328125;20489.16015625;19255.17578125;22129.78515625,16560.0;16560.0;16560.0;16560.0;16560.0;16560.0;16560.0,18459.86328125;18543.06640625;18134.47265625;18509.5703125;18922.94921875;18229.19921875;18826.26953125,16560.0;16560.0;16560.0;16560.0;16560.0;16560.0;16560.0
1,long,boundary-only,12764.062,14833.594,0.860483440493248,12345.01953125;12764.0625;12384.9609375;12414.35546875;14554.1015625;15297.94921875;17453.125,20624.0;20624.0;20624.0;20624.0;20624.0;20624.0;20624.0,15910.9375;15440.4296875;13070.99609375;14675.87890625;15448.046875;14833.59375;13367.87109375,20624.0;20624.0;20624.0;20624.0;20624.0;20624.0;20624.0
1,long,boundary-overlap,16468.848,14787.109,1.1137300739448124,21023.92578125;132227.1484375;15824.609375;16468.84765625;16721.6796875;16056.34765625;16115.91796875,20656.0;20656.0;20656.0;20656.0;20656.0;20656.0;20656.0,15072.75390625;13647.75390625;14570.60546875;13692.1875;16496.2890625;14787.109375;15089.94140625,20656.0;20656.0;20656.0;20656.0;20656.0;20656.0;20656.0
1,long,concave-u,49275.0,43261.719,1.1389977360816383,46458.984375;49792.578125;52217.96875;58622.265625;42395.703125;44423.828125;49275.0,24832.0;24832.0;24832.0;24832.0;24832.0;24832.0;24832.0,42907.03125;42680.078125;43934.765625;43381.640625;44876.953125;43261.71875;42925.390625,24832.0;24832.0;24832.0;24832.0;24832.0;24832.0;24832.0
1,long,crossing,18208.594,20537.598,0.8865980335188175,18208.59375;18470.99609375;17697.4609375;18327.5390625;18971.38671875;18083.69140625;18035.64453125,16560.0;16560.0;16560.0;16560.0;16560.0;16560.0;16560.0,20389.55078125;18461.23046875;20537.59765625;20033.7890625;118581.34765625;28302.83203125;21890.91796875,16560.0;16560.0;16560.0;16560.0;16560.0;16560.0;16560.0
1,long,degenerate-boundary,4.356,4.596,0.9477806788511749,4.35638427734375;4.30145263671875;4.53948974609375;4.06494140625;4.058837890625;4.92706298828125;6.2774658203125,0.0;0.0;0.0;0.0;0.0;0.0;0.0,4.77752685546875;4.3304443359375;4.595947265625;4.742431640625;4.3304443359375;4.3304443359375;5.74188232421875,0.0;0.0;0.0;0.0;0.0;0.0;0.0
1,long,degenerate-interior,4.892,5.095,0.9601570166830227,4.0618896484375;6.13555908203125;4.0679931640625;4.8919677734375;5.426025390625;4.058837890625;5.059814453125,0.0;0.0;0.0;0.0;0.0;0.0;0.0,5.2978515625;4.75311279296875;6.5032958984375;4.7882080078125;5.09490966796875;4.3304443359375;5.66558837890625,0.0;0.0;0.0;0.0;0.0;0.0;0.0
1,long,dense-1,17191.992,19599.414,0.8771686745328201,18707.51953125;19242.1875;16944.3359375;16849.0234375;17201.5625;16942.87109375;17191.9921875,16560.0;16560.0;16560.0;16560.0;16560.0;16560.0;16560.0,19401.953125;19599.4140625;19368.9453125;19738.0859375;19693.359375;23226.7578125;18354.4921875,16560.0;16560.0;16560.0;16560.0;16560.0;16560.0;16560.0
1,long,dense-16,437678.125,419790.625,1.0426105275695474,429675.0;437678.125;443725.0;427934.375;443178.125;440587.5;427071.875,145008.0;145008.0;145008.0;145008.0;145008.0;145008.0;145008.0,436509.375;419790.625;400000.0;418231.25;420821.875;418459.375;421590.625,145008.0;145008.0;145008.0;145008.0;145008.0;145008.0;145008.0
1,long,dense-4,91233.594,89228.125,1.0224757496585297,88149.21875;91948.4375;90539.0625;92655.46875;91233.59375;94275.0;88084.375,41360.0;41360.0;41360.0;41360.0;41360.0;41360.0;41360.0,88354.6875;88935.15625;87125.0;89228.125;90001.5625;90991.40625;89886.71875,41360.0;41360.0;41360.0;41360.0;41360.0;41360.0;41360.0
1,long,dense-64,1951212.5,1942912.5,1.0042719371047333,2008550.0;1911000.0;1980487.5;1954475.0;1873775.0;1951212.5;1946862.5,556032.0;556032.0;556032.0;556032.0;556032.0;556032.0;556032.0,1975612.5;1938975.0;1942912.5;1910375.0;1877725.0;2256562.5;2123200.0,556032.0;556032.0;556032.0;556032.0;556032.0;556032.0;556032.0
1,long,empty,4.445,4.846,0.9172513413124227,5.38330078125;4.30908203125;4.96673583984375;4.77294921875;4.17022705078125;4.06341552734375;4.44488525390625,0.0;0.0;0.0;0.0;0.0;0.0;0.0,4.8187255859375;4.6295166015625;4.84619140625;6.5643310546875;4.6295166015625;5.29937744140625;4.99420166015625,0.0;0.0;0.0;0.0;0.0;0.0;0.0
1,long,endpoint-collapse,18619.531,14587.793,1.27637751646188,214936.71875;54975.78125;16988.28125;18619.53125;31223.4375;17366.40625;14797.65625,16528.0;16528.0;16528.0;16528.0;16528.0;16528.0;16528.0,14479.00390625;14817.578125;14863.671875;13755.76171875;14423.828125;15498.53515625;14587.79296875,16528.0;16528.0;16528.0;16528.0;16528.0;16528.0;16528.0
1,long,exterior,3386.694,17.874,189.47599865726755,3401.6845703125;3386.6943359375;3594.9951171875;3467.08984375;3299.658203125;3336.376953125;3234.4482421875,8288.0;8288.0;8288.0;8288.0;8288.0;8288.0;8288.0,16.73583984375;16.754150390625;37.53814697265625;16.72515869140625;18.51654052734375;17.8741455078125;18.10150146484375,0.0;0.0;0.0;0.0;0.0;0.0;0.0
1,long,gap-collapse,37608.398,37477.344,1.0034968860119864,43367.1875;48925.1953125;37608.3984375;37441.6015625;37429.6875;38145.3125;37069.140625,24800.0;24800.0;24800.0;24800.0;24800.0;24800.0;24800.0,37030.078125;36692.96875;40598.828125;37477.34375;39757.03125;37194.921875;38437.890625,24800.0;24800.0;24800.0;24800.0;24800.0;24800.0;24800.0
1,long,hole,45921.094,40406.25,1.136484924980665,45390.625;49471.484375;45237.109375;46805.46875;42898.046875;45921.09375;46316.40625,24832.0;24832.0;24832.0;24832.0;24832.0;24832.0;24832.0,40059.765625;41551.5625;40148.046875;40406.25;39437.109375;41166.40625;40571.09375,24832.0;24832.0;24832.0;24832.0;24832.0;24832.0;24832.0
1,long,hole-reversed,44783.203,41239.453,1.0859310621797045,46523.046875;47838.0859375;44783.203125;40014.453125;42469.3359375;45090.8203125;38026.953125,24832.0;24832.0;24832.0;24832.0;24832.0;24832.0;24832.0,41239.453125;44164.453125;44974.21875;40960.15625;40069.53125;42512.5;39583.203125,24832.0;24832.0;24832.0;24832.0;24832.0;24832.0;24832.0
1,long,interior,7608.496,7347.949,1.035458466029092,7453.076171875;7608.49609375;7275.244140625;7415.185546875;9142.724609375;9433.154296875;8687.40234375,8336.0;8336.0;8336.0;8336.0;8336.0;8336.0;8336.0,7347.94921875;7541.064453125;7250.87890625;7333.154296875;7337.353515625;7917.28515625;7684.08203125,8336.0;8336.0;8336.0;8336.0;8336.0;8336.0;8336.0
1,long,isolated-tangent,6810.791,6004.346,1.1343102146345332,6810.791015625;6906.640625;6853.125;6814.35546875;6711.181640625;6260.986328125;6608.69140625,16480.0;16480.0;16480.0;16480.0;16480.0;16480.0;16480.0,6089.501953125;5995.60546875;5702.978515625;6004.345703125;6018.603515625;6237.841796875;5890.576171875,16480.0;16480.0;16480.0;16480.0;16480.0;16480.0;16480.0
1,long,rational-crossing,17572.461,19200.391,0.9152137058042203,19533.7890625;17091.30859375;17572.4609375;19134.47265625;16808.7890625;17244.82421875;18001.46484375,16560.0;16560.0;16560.0;16560.0;16560.0;16560.0;16560.0,20126.953125;19357.421875;18202.34375;17501.953125;18127.9296875;19200.390625;21539.453125,16560.0;16560.0;16560.0;16560.0;16560.0;16560.0;16560.0
1,long,sparse-1,20341.113,19676.367,1.0337839805488485,20587.6953125;20341.11328125;19385.83984375;21391.11328125;21747.0703125;18347.265625;17603.515625,16560.0;16560.0;16560.0;16560.0;16560.0;16560.0;16560.0,23184.5703125;21343.5546875;20300.78125;19626.3671875;19676.3671875;19260.3515625;18895.3125,16560.0;16560.0;16560.0;16560.0;16560.0;16560.0;16560.0
1,long,sparse-16,43785.547,49057.031,0.8925437619736913,43785.546875;40895.3125;43632.421875;41881.25;50853.90625;50428.515625;47353.125,16560.0;16560.0;16560.0;16560.0;16560.0;16560.0;16560.0,57000.0;59415.234375;46854.296875;49057.03125;50532.421875;47462.890625;46826.5625,16560.0;16560.0;16560.0;16560.0;16560.0;16560.0;16560.0
1,long,sparse-4,25168.164,24367.188,1.0328710887772525,28770.8984375;190568.5546875;37302.5390625;24829.1015625;25061.328125;23445.3125;25168.1640625,16560.0;16560.0;16560.0;16560.0;16560.0;16560.0;16560.0,24126.7578125;24367.1875;26357.421875;23691.796875;23694.7265625;25218.1640625;25224.8046875,16560.0;16560.0;16560.0;16560.0;16560.0;16560.0;16560.0
1,long,sparse-64,124036.719,127910.938,0.9697115894811122,121514.0625;136710.15625;136926.5625;124036.71875;116595.3125;122438.28125;125621.09375,16560.0;16560.0;16560.0;16560.0;16560.0;16560.0;16560.0,126785.15625;127636.71875;131955.46875;127910.9375;126082.8125;141566.40625;142891.40625,16560.0;16560.0;16560.0;16560.0;16560.0;16560.0;16560.0
1,long,wide-integral,20242.383,20593.555,0.9829474804131682,20242.3828125;18916.2109375;23650.9765625;23614.0625;21082.03125;19936.9140625;19155.6640625,16560.0;16560.0;16560.0;16560.0;16560.0;16560.0;16560.0,20150.390625;20048.4375;20593.5546875;20287.5;76336.5234375;130857.8125;26264.6484375,16560.0;16560.0;16560.0;16560.0;16560.0;16560.0;16560.0
