compiler,block,scalar,case,operation,base_median_ns,candidate_median_ns,base_over_candidate,base_gc_bytes_per_call_rounds,candidate_gc_bytes_per_call_rounds
dmd,0,double,crossing,clipping,45508.594,41880.469,1.0866304768459016,16560.0;16560.0;16560.0,16560.0;16560.0;16560.0
dmd,0,double,dense-64,clipping,5301700.0,5028600.0,1.0543093505150538,556032.0;556032.0;556032.0,556032.0;556032.0;556032.0
dmd,0,double,exterior,clipping,7649.219,144.551,52.91709500453128,8288.0;8288.0;8288.0,0.0;0.0;0.0
dmd,0,double,sparse-64,clipping,330743.75,461787.5,0.7162249952629727,16560.0;16560.0;16560.0,16560.0;16560.0;16560.0
dmd,1,double,crossing,clipping,51599.219,44686.719,1.154688018155909,16560.0;16560.0;16560.0,16560.0;16560.0;16560.0
dmd,1,double,dense-64,clipping,5508100.0,4745700.0,1.1606506943127464,556032.0;556032.0;556032.0,556032.0;556032.0;556032.0
dmd,1,double,exterior,clipping,8154.297,130.731,62.37462422837736,8288.0;8288.0;8288.0,0.0;0.0;0.0
dmd,1,double,sparse-64,clipping,361137.5,335575.0,1.076175221634508,16560.0;16560.0;16560.0,16560.0;16560.0;16560.0
ldc2,0,double,crossing,clipping,19208.203,23201.953,0.8278700935218686,16560.0;16560.0;16560.0,16560.0;16560.0;16560.0
ldc2,0,double,dense-64,clipping,1960800.0,1941600.0,1.0098887515451174,556032.0;556032.0;556032.0,556032.0;556032.0;556032.0
ldc2,0,double,exterior,clipping,4041.846,23.926,168.9311209562819,8288.0;8288.0;8288.0,0.0;0.0;0.0
ldc2,0,double,sparse-64,clipping,130446.875,121351.562,1.0749501106545294,16560.0;16560.0;16560.0,16560.0;16560.0;16560.0
ldc2,1,double,crossing,clipping,16993.75,19977.734,0.8506345114015433,16560.0;16560.0;16560.0,16560.0;16560.0;16560.0
ldc2,1,double,dense-64,clipping,2064550.0,1825800.0,1.1307645963413298,556032.0;556032.0;556032.0,556032.0;556032.0;556032.0
ldc2,1,double,exterior,clipping,3637.256,28.105,129.41668742216686,8288.0;8288.0;8288.0,0.0;0.0;0.0
ldc2,1,double,sparse-64,clipping,152675.0,139979.688,1.0906939583977355,16560.0;16560.0;16560.0,16560.0;16560.0;16560.0
